物件名,販売価格,所在地,専有面積,間取り
アペニンハイム,3380万円,東京都中央区勝どき３-4-18,35.91m2（10.86坪）（登記）,1LDK
浜町グランドハイツ,3990万円,東京都中央区日本橋中洲,36m2（壁芯）,1K+S（納戸）
浜町グランドハイツ,4180万円,東京都中央区日本橋中洲,36m2（10.88坪）（壁芯）,1K+S（納戸）
ワコー東日本橋マンション,4250万円,東京都中央区日本橋浜町１,42.74m2（12.92坪）（壁芯）,1LDK
箱崎ダイヤマンション,4480万円,東京都中央区日本橋箱崎町13-8,43.82m2（13.25坪）（壁芯）,1LDK
東銀座ロイアルハイツ,4500万円,東京都中央区築地４,30.8m2（9.31坪）（壁芯）,1DK
ライオンズマンション茅場町,4680万円,東京都中央区新川１,46.05m2（壁芯）,1LDK
ライオンズマンション茅場町,4680万円,東京都中央区新川１,46.05m2（13.93坪）（壁芯）,1LDK
アペニンハイム,5080万円,東京都中央区勝どき３-4-18,56.7m2（17.15坪）（壁芯）,2LDK
アペニンハイム,5080万円,東京都中央区勝どき３-4-18,56.7m2（17.15坪）（壁芯）,2LDK
アペニンハイム,5080万円,東京都中央区勝どき３,56.7m2（壁芯）,2LDK
T-Puente,5980万円,東京都中央区佃３-4-12,40.02m2（壁芯）,1LDK
レックス勝どきプレミアレジデンス,6080万円,東京都中央区勝どき４,43.12m2（壁芯）,1LDK+S（納戸）
オープンレジデンシア日本橋馬喰町,6280万円,東京都中央区日本橋馬喰町１,43.87m2,1LDK
グレーシア勝どき,6300万円,東京都中央区勝どき４,40.72m2（壁芯）,1LDK
グレーシア勝どき,6300万円,東京都中央区勝どき４,40.72m2（12.31坪）（壁芯）,1LDK
シティハイツ湊,6480万円,東京都中央区湊３,61.64m2（壁芯）,2LDK+S（納戸）
エクセレント三越前,6980万円,東京都中央区日本橋小舟町,37.21m2（壁芯）,1DK
ウィルローズ茅場町,6980万円,東京都中央区新川１,40.34m2（壁芯）,1LDK
パレ・ソレイユ日本橋三越前,7200万円,東京都中央区日本橋本町１-８-１０,43.34m2（13.11坪）（壁芯）,1LDK
晴海テラス,7480万円,東京都中央区晴海５-1-9,50.01m2（壁芯）,2LDK
クレヴィア日本橋,7830万円,東京都中央区日本橋蛎殻町１,38.22m2（壁芯）,1LDK
パークタワー晴海,7980万円,東京都中央区晴海２-2-42,43.92m2（壁芯）,1LDK
グリーンパーク八丁堀桜川公園,7980万円,東京都中央区八丁堀４,52.28m2（壁芯）,2LDK
ライオンズマンション月島,8000万円,東京都中央区月島２,62.53m2（壁芯）,1LDK+S（納戸）
築地駅1分「グリーンパーク銀座デ・プレ」築地Sele…,8280万円,東京都中央区築地２,55.29m2（壁芯）,1LDK
浜町グランドハイツ,8499万円,東京都中央区日本橋中洲,65.78m2,3LDK
ライオンズマンション月島,8598万円,東京都中央区月島２,56.32m2（壁芯）,2LDK
セザールリバーサイド中州,8680万円,東京都中央区日本橋中洲12-8,66.35m2（20.07坪）,2LDK+S（納戸）
パークタワー勝どきミッド,8780万円,東京都中央区勝どき４,30.07m2（壁芯）,1DK
シティフロントタワー,8780万円,東京都中央区佃１,60.28m2（壁芯）,2LDK
アスコットパーク東京八丁堀,8980万円,東京都中央区湊２,53.46m2（16.17坪）（壁芯）,2LDK
クレイス月島キャナルフロント,8980万円,東京都中央区月島２-3-9,61.23m2（18.52坪）,1LDK+S（納戸）
八丁堀アムフラット,9000万円,東京都中央区湊１,54.87m2（壁芯）,2LDK
ドマーニ人形町,9000万円,東京都中央区日本橋大伝馬町,56.98m2（壁芯）,2LDK
ソフィアタワー勝どき,9150万円,東京都中央区勝どき３-12-12,69.61m2（壁芯）,3LDK
グリーンパーク東日本橋,9250万円,東京都中央区東日本橋２,58.47m2,2LDK
ＧＲＥＥＮ　ＰＡＲＫ日本橋参番館,9480万円,東京都中央区日本橋大伝馬町,57.72m2（17.46坪）（登記）,2LDK
レゾンアレグレ,9480万円,東京都中央区湊３,54.11m2（壁芯）,2LDK
クレストシティレジデンス勝どき,9480万円,東京都中央区勝どき５,60.38m2（壁芯）,2LDK
オークプレイス月島,9480万円,東京都中央区月島３,50.55m2,2LDK
クレストシティレジデンス,9480万円,東京都中央区勝どき５-5-14,60.38m2（壁芯）,2LDK
グランシティ日本橋人形町,9980万円,東京都中央区日本橋人形町３,55.06m2（壁芯）,2LDK
プラネ勝どき,9980万円,東京都中央区勝どき５,69.02m2（壁芯）,3LDK
モア・クレスト築地,9990万円,東京都中央区築地６,56.21m2（壁芯）,2LDK
ドゥ・トゥール　イースト,1億円,東京都中央区晴海３-13-1,42.88m2（12.97坪）,2LDK
リビオ東京日本橋,1億230万円,東京都中央区日本橋茅場町２,50.01m2（壁芯）,2LDK
ザ・パークハウス晴海タワーズ ティアロレジデンス,1億480万円,東京都中央区晴海２,61.25m2（壁芯）,2LDK
スカイライトタワー,1億480万円,東京都中央区佃１,59.41m2（17.97坪）（壁芯）,2LDK
シティタワー銀座東,1億580万円,東京都中央区湊２-11-1,44.8m2（13.55坪）,1LDK
ザ・パークハウス晴海タワーズクロノレジデンス,1億980万円,東京都中央区晴海２,62.91m2（19.03坪）（壁芯）,2LDK
エルフコート日本橋浜町,1億1000万円,東京都中央区日本橋浜町１,64.1m2（壁芯）,2LDK
ウィルレーナ日本橋三越前,1億1200万円,東京都中央区日本橋小舟町,50.25m2（壁芯）,2LDK
パークシティ中央湊ザタワー,1億1499万円,東京都中央区湊２,40.19m2（壁芯）,1LDK
パークシティ中央湊ザタワー,1億1499万円,東京都中央区湊２,40.19m2（壁芯）,1LDK
勝どき　ザ・タワー,1億1500万円,東京都中央区勝どき５,58.98m2（壁芯）,1LDK+S（納戸）
スカイライトタワー,1億1500万円,東京都中央区佃１,72.7m2（21.99坪）（壁芯）,2LDK
グラーサ東京イースト,1億1798万円,東京都中央区新川２,68.82m2（壁芯）,2LDK+S（納戸）
ザ・晴海レジデンス,1億1800万円,東京都中央区晴海５-17,79.2m2（23.95坪）,2LDK
Brillia月島四丁目,1億1800万円,東京都中央区月島４,58.4m2（17.66坪）（壁芯）,2LDK
ザ・晴海レジデンス,1億1800万円,東京都中央区晴海５,79.2m2（壁芯）,2LDK
THE TOKYO TOWERS SEA TOWER,1億1800万円,東京都中央区勝どき６-3-1,63.07m2（壁芯）,2LDK
ザ・晴海レジデンス,1億1800万円,東京都中央区晴海５,79.2m2（壁芯）,2LDK
ベイサイドタワー晴海,1億1800万円,東京都中央区晴海３,66.24m2（壁芯）,3LDK
パークタワー勝どきミッド,1億2100万円,東京都中央区勝どき４-6-2,47.87m2（14.48坪）（登記）,1LDK
クレヴィア東京八丁堀　湊ザ・レジデンス,1億2480万円,東京都中央区湊３,58.46m2（壁芯）,2LDK
シティフロントタワー,1億2480万円,東京都中央区佃１-11-9,80.6m2（壁芯）,2LDK
コスモ東京ベイタワー,1億2580万円,東京都中央区勝どき５,84.67m2（25.61坪）（壁芯）,3LDK
ザ・パークハウス晴海タワーズ　ティアロレジデンス,1億2900万円,東京都中央区晴海２,64.55m2,2LDK
オーベル月島リバージュグラン,1億2980万円,東京都中央区月島３,71.98m2（壁芯）,3LDK
ザ・パークハウス晴海タワーズクロノレジデンス,1億2980万円,東京都中央区晴海２,67.18m2（20.32坪）（壁芯）,2LDK
ザ・パークハウス晴海タワーズティアロレジデンス,1億3480万円,東京都中央区晴海２,65.54m2,2LDK
ザ・パークハウス晴海タワーズ ティアロレジデンス,1億3500万円,東京都中央区晴海２-3-2,73.66m2（壁芯）,3LDK
ザ・パークハウス晴海タワーズ ティアロレジデンス,1億3500万円,東京都中央区晴海２,73.07m2（22.10坪）（壁芯）,3LDK
晴海アイランドトリトンスクエアビュータワー,1億3600万円,東京都中央区晴海１-6-1,84.45m2（壁芯）,3LDK
クオリア日本橋浜町,1億3880万円,東京都中央区日本橋浜町２,66.9m2（壁芯）,2LDK
シティハウス東京八重洲通り,1億3900万円,東京都中央区新川２,67.88m2（壁芯）,3LDK
ザ・パークハウス晴海タワーズクロノレジデンス,1億4800万円,東京都中央区晴海２,71.27m2（21.55坪）（壁芯）,2LDK
MID TOWER GRAND ～都心においてひとき…,1億4800万円,東京都中央区月島１,61.99m2（18.75坪）（壁芯）,2LDK
晴海アイランドトリトンスクエアビュータワー,1億4800万円,東京都中央区晴海１-6-1,90.78m2（壁芯）,2LDK+S（納戸）
ＨＡＲＵＭＩ　ＦＬＡＧ　ＳＵＮ　ＶＩＬＬＡＧＥ　Ｂ棟,1億4900万円,東京都中央区晴海５,72.88m2（壁芯）,3LDK
パークタワー勝どきサウス,1億4980万円,東京都中央区勝どき４-6-1,57.12m2（壁芯）,1LDK+S（納戸）
ザ・パークハウス月島ディアスタ,1億5000万円,東京都中央区月島２,79.29m2（壁芯）,2LDK
勝どきザ・タワー,1億5300万円,東京都中央区勝どき５,68.16m2,2LDK
THE TOKYO TOWERS MID TOWER,1億5300万円,東京都中央区勝どき６,65.14m2（壁芯）,1LDK+S（納戸）
パークタワー晴海,1億5480万円,東京都中央区晴海２-2-42,62.23m2（18.82坪）（壁芯）,2LDK+S（納戸）
ザ・パークハウス晴海タワーズクロノレジデンス,1億5800万円,東京都中央区晴海２-3-30,70.72m2（21.39坪）（壁芯）,3LDK
THE　TOKYO TOWERS　 MID　TOWE…,1億5800万円,東京都中央区勝どき６,80.23m2,2LDK
ザ・パークハウス晴海タワーズクロノレジデンス,1億5800万円,東京都中央区晴海２,70.72m2（21.39坪）（壁芯）,3LDK
ザ・パークハウス晴海タワーズクロノレジデンス,1億5800万円,東京都中央区晴海２-3-30,70.72m2（21.39坪）（壁芯）,3LDK
ザ・パークハウス晴海タワーズ　クロノレジデンス,1億5800万円,東京都中央区晴海２,70.72m2（壁芯）,3LDK
THE TOKYO TOWERS MID TOWER,1億5800万円,東京都中央区勝どき６,65.14m2（壁芯）,2LDK
クレヴィア日本橋浜町公園,1億5980万円,東京都中央区日本橋浜町１,70.02m2（壁芯）,3LDK
勝どきザ・タワー,1億6400万円,東京都中央区勝どき５,79.84m2（24.15坪）（壁芯）,3LDK
パークタワー勝どきサウス,1億6480万円,東京都中央区勝どき４-6-1,56.71m2（17.15坪）（壁芯）,2LDK
◆ドゥ・トゥールEAST棟◆東向き住戸で日当たり・眺…,1億6480万円,東京都中央区晴海３,70.7m2（壁芯）,2LDK
ウィルローズ東京イースト,1億6500万円,東京都中央区八丁堀４,70.48m2（壁芯）,2LDK
センチュリーパークタワー,1億6900万円,東京都中央区佃２,90.15m2（壁芯）,2LDK
パークタワー晴海,1億6900万円,東京都中央区晴海２,82.27m2（壁芯）,3LDK
晴海アイランドトリトンスクエアビュータワー,1億6980万円,東京都中央区晴海１-6-1,94.41m2（28.55坪）（壁芯）,3LDK
パークタワー晴海,1億6980万円,東京都中央区晴海２,70.09m2（壁芯）,3LDK
勝どきザ・タワー,1億6980万円,東京都中央区勝どき５-3-1,71.18m2（壁芯）,2LDK
ザ・パークハウス晴海タワーズティアロレジデンス,1億7280万円,東京都中央区晴海２-3-2,73.48m2（22.22坪）（壁芯）,3LDK
ドゥ・トゥールＷＥＳＴ棟,1億7280万円,東京都中央区晴海３-13-2,70.7m2（壁芯）,2LDK
HARUMI FLAG SEA VILLAGE E棟,1億7500万円,東京都中央区晴海５,85.73m2（壁芯）,3LDK
プラウド銀座東レジデンス,1億7500万円,東京都中央区明石町,73.22m2（壁芯）,2LDK
パークタワー晴海,1億7770万円,東京都中央区晴海２,70.09m2（壁芯）,3LDK
コスモ日本橋浜町,1億7800万円,東京都中央区日本橋浜町３,71.35m2（21.58坪）（壁芯）,3LDK
パークタワー晴海,1億7980万円,東京都中央区晴海２,71.42m2（21.60坪）（壁芯）,3LDK
晴海フラッグ サンビレッジ E棟,1億7980万円,東京都中央区晴海５,84.76m2（壁芯）,4LDK
勝どき ザ・タワー,1億7980万円,東京都中央区勝どき５-3-1,84.6m2（25.59坪）（壁芯）,4LDK
ザ・パークハウス晴海タワーズ ティアロレジデンス,1億7980万円,東京都中央区晴海２,85.73m2（壁芯）,3LDK
ドゥ・トゥール　ＷＥＳＴ,1億8400万円,東京都中央区晴海３,72.25m2（壁芯）,3LDK+S（納戸）
ＤＥＵＸ　ＴＯＵＲＳ　ＷＥＳＴ,1億8500万円,東京都中央区晴海３,72.95m2（22.06坪）（壁芯）,2LDK
パークタワー晴海,1億8500万円,東京都中央区晴海２-2-42,82.27m2（24.88坪）,2LDK
パークタワー晴海,1億8800万円,東京都中央区晴海２,70.84m2（壁芯）,3LDK
THE TOKYO TOWERS SEA TOWER,1億9800万円,東京都中央区勝どき６,90.27m2（壁芯）,3LDK
ザ・パークハウス晴海タワーズ　クロノレジデンス,1億9800万円,東京都中央区晴海２-3-30,72.95m2（22.06坪）（壁芯）,3LDK+S（納戸）
ザ・パークハウス晴海タワーズクロノレジデンス,1億9800万円,東京都中央区晴海２,72.95m2（壁芯）,3LDK+S（納戸）
ファミール月島グランスイートタワー,1億9800万円,東京都中央区佃２,93.5m2（壁芯）,3LDK
スカイライトタワー,1億9800万円,東京都中央区佃１,103.85m2（壁芯）,3LDK
ザ・パークハウス晴海タワーズ　クロノレジデンス,1億9800万円,東京都中央区晴海２,72.95m2（壁芯）,3LDK+S（納戸）
勝どきザ・タワー,1億9800万円,東京都中央区勝どき５,72.09m2（壁芯）,2LDK
勝どきザ・タワー,1億9900万円,東京都中央区勝どき５,70.01m2（21.17坪）（壁芯）,2LDK
パークタワー晴海,2億480万円,東京都中央区晴海２,78.59m2（壁芯）,3LDK
THE TOKYO TOWERS  MID TOWE…,2億1800万円,東京都中央区勝どき６,91.58m2（壁芯）,3LDK
勝どき　ザ・タワー,2億1800万円,東京都中央区勝どき５-3-1,84.62m2（壁芯）,2LDK
パークタワー勝どきサウス,2億1800万円,東京都中央区勝どき４-6-1,75.31m2（22.78坪）（壁芯）,3LDK
パークタワー勝どきサウス,2億1900万円,東京都中央区勝どき４,72.46m2（壁芯）,2LDK+S（納戸）
アイ・マークタワー,2億1980万円,東京都中央区月島１,90.35m2（壁芯）,3LDK
パークタワー勝どきミッド,2億2800万円,東京都中央区勝どき４,68.87m2,3LDK
26階「パークタワー勝どきサウス」勝どきSelect…,2億2800万円,東京都中央区勝どき４,72.38m2（壁芯）,3LDK+2S（納戸）
THE TOKYO TOWERS MID TOWER,2億2900万円,東京都中央区勝どき６,106.87m2（壁芯）,3LDK
パークタワー勝どきサウス,2億2980万円,東京都中央区勝どき４,75.31m2（壁芯）,3LDK
パークタワー勝どきサウス,2億2999万円,東京都中央区勝どき４,77.61m2（壁芯）,3LDK
勝どきザ・タワー,2億3800万円,東京都中央区勝どき５-3-1,87.98m2（壁芯）,2LDK+S（納戸）
THE TOKYO TOWERS SEA TOWER,2億3800万円,東京都中央区勝どき６,91.27m2（壁芯）,3LDK
イニシア築地レジデンス,2億4000万円,東京都中央区築地７,75.8m2（壁芯）,2LDK
パークタワー勝どきサウス,2億4800万円,東京都中央区勝どき４-6-1,72.38m2（21.89坪）,2LDK
ファミール月島グランスイートタワー,2億4980万円,東京都中央区佃２-19-1,107.64m2（壁芯）,3LDK
ハウスコート築地,2億4980万円,東京都中央区築地３,88.22m2（26.68坪）（壁芯）,3LDK
ファミール月島グランスイートタワー,2億4980万円,東京都中央区佃２,107.64m2（壁芯）,3LDK
ファミール月島グランスイートタワー,2億4980万円,東京都中央区佃２-19-1,107.64m2（32.56坪）（壁芯）,3LDK
THE TOKYO TOWERS SEA TOWER,2億5000万円,東京都中央区勝どき６-3-1,91.27m2（壁芯）,2LDK
ザ・パークハウス晴海タワーズディアロレジデンス,2億5000万円,東京都中央区晴海２,101.8m2（壁芯）,3LDK+S（納戸）
センチュリーパークタワー,2億5800万円,東京都中央区佃２-1-1,109.63m2（33.16坪）（壁芯）,4LDK
パークタワー勝どきサウス,2億5800万円,東京都中央区勝どき４,74.45m2（壁芯）,3LDK
パークタワー晴海,2億5800万円,東京都中央区晴海２,88.49m2（壁芯）,3LDK
パークタワー勝どき　ミッド,2億6800万円,東京都中央区勝どき４-6,76.88m2（23.25坪）,2LDK
勝どきザ・タワー,2億7800万円,東京都中央区勝どき５,80.24m2（24.27坪）（壁芯）,3LDK
センチュリーパークタワー,2億7980万円,東京都中央区佃２,96.71m2（壁芯）,2LDK
CAPITAL GATE PLACE THE TOW…,2億7980万円,東京都中央区月島１,81.13m2（壁芯）,3LDK+S（納戸）
ＴＨＥ　ＴＯＫＹＯ　ＴＯＷＥＲＳ　ＳＥＡ　ＴＯＷＥＲ,2億8800万円,東京都中央区勝どき６,120.17m2（36.35坪）（壁芯）,3LDK
パークタワー勝どきサウス,2億9800万円,東京都中央区勝どき４,87.05m2（壁芯）,3LDK
パークタワー勝どきサウス,3億1800万円,東京都中央区勝どき４,90.6m2（壁芯）,2LDK+S（納戸）
パークタワー勝どきミッド,3億5000万円,東京都中央区勝どき４,102.53m2（壁芯）,3LDK
THE TOKYO TOWERS SEA TOWER,3億8800万円,東京都中央区勝どき６,113.73m2,3LDK
トダカ佃コーポ,2499万円,東京都中央区佃２-18-4,31.53m2（9.53坪）（壁芯）,ワンルーム
サンパーク東京銀座,4199万円,東京都中央区入船１-2-8,39.6m2（11.97坪）（壁芯）,1LDK
サンパーク東京銀座,4199万円,東京都中央区入船１-2-8,39.6m2（11.97坪）（壁芯）,1LDK
サンパーク東京銀座,4199万円,東京都中央区入船１,39.6m2（壁芯）,1LDK
箱崎ダイヤマンション,4480万円,東京都中央区日本橋箱崎町,43.82m2（13.25坪）（壁芯）,1LDK
箱崎ダイヤマンション,4480万円,東京都中央区日本橋箱崎町,43.82m2（壁芯）,1LDK
箱崎ダイヤマンション,4480万円,東京都中央区日本橋箱崎町,43.82m2（壁芯）,1LDK
≪1月25日・26日内覧受付中≫リノベーション×新耐…,4580万円,東京都中央区日本橋中洲,43.2m2（壁芯）,1LDK
ライオンズマンション茅場町,4680万円,東京都中央区新川１,46.05m2（壁芯）,1LDK
ライオンズマンション茅場町,4680万円,東京都中央区新川１-24-7,46.05m2（壁芯）,1LDK
秀和築地レジデンス,4780万円,東京都中央区築地２-1-2,44.08m2（13.33坪）（壁芯）,1LDK
秀和新川レジデンス,5299万円,東京都中央区新川２,39.87m2（壁芯）,1LDK
ニックハイム日本橋,5690万円,東京都中央区日本橋中洲,61.56m2（18.62坪）（壁芯）,3DK
セザールベイサイド勝どき,6599万円,東京都中央区勝どき３-３－１２,43.64m2（13.20坪）（壁芯）,1LDK
勝どき黎明マンション,7080万円,東京都中央区勝どき４-1-12,69.43m2（21.00坪）（壁芯）,2LDK
オープンレジデンシア日本橋横山町,7080万円,東京都中央区日本橋横山町,40.41m2（壁芯）,1LDK
パレ・ソレイユ日本橋三越前,7200万円,東京都中央区日本橋本町１,43.34m2（13.11坪）（壁芯）,1LDK
勝どきザ・タワー,8380万円,東京都中央区勝どき５,42.04m2（壁芯）,1LDK
勝どきザ・タワー,8380万円,東京都中央区勝どき５-３－１,42.04m2（12.71坪）（壁芯）,1LDK
浜町グランドハイツ,8499万円,東京都中央区日本橋中洲,65.78m2（壁芯）,3LDK
浜町グランドハイツ,8499万円,東京都中央区日本橋中洲,65.78m2（壁芯）,3LDK
サンクタス築地,8680万円,東京都中央区築地７,44.24m2（壁芯）,1LDK
セザールリバーサイド中洲,8680万円,東京都中央区日本橋中洲,66.35m2（壁芯）,2LDK+S（納戸）
日本橋三越前アムフラット壱番館,8980万円,東京都中央区日本橋小舟町,51.3m2（壁芯）,1LDK
シティハウス月島駅前ベイブリーズコート,9500万円,東京都中央区佃３,56.41m2（17.06坪）（壁芯）,2LDK
晴海アイランドトリトンスクエアビュータワー,9780万円,東京都中央区晴海１-6‐1,69.86m2（21.13坪）（壁芯）,2LDK+S（納戸）
クレストシティジデンス勝どき,9800万円,東京都中央区勝どき５,60.38m2（壁芯）,2LDK
HARUMI　FLAG　SUN　VILLAGE　C棟,9980万円,東京都中央区晴海５,61.18m2（壁芯）,2LDK
ルミネ東京ベイフロント,9980万円,東京都中央区勝どき６,66.5m2（壁芯）,2LDK
ライオンズマンション箱崎町,9999万円,東京都中央区日本橋箱崎町,75.22m2（壁芯）,3LDK
スカイライトタワー,1億280万円,東京都中央区佃１-11-7,61.56m2（18.62坪）（壁芯）,1LDK
晴海アイランドトリトンスクエアビュータワー,1億500万円,東京都中央区晴海１,69.86m2（21.13坪）（壁芯）,2LDK+S（納戸）
シティタワー銀座東,1億580万円,東京都中央区湊２,44.8m2（壁芯）,1LDK
スカイライトタワー,1億999万円,東京都中央区佃１,62.01m2（壁芯）,2LDK
パークシティ中央湊ザタワー,1億1499万円,東京都中央区湊２,40.19m2（壁芯）,1LDK
ＨＡＲＵＭＩ　ＦＬＡＧ　ＳＵＮ　ＶＩＬＬＡＧＥ　Ｆ棟,1億1600万円,東京都中央区晴海５,65.12m2（19.69坪）（壁芯）,2LDK
ザ・晴海レジデンス,1億1800万円,東京都中央区晴海５,79.2m2（23.95坪）（壁芯）,2LDK
ザ・晴海レジデンス,1億1800万円,東京都中央区晴海５,79.2m2（23.95坪）（壁芯）,2LDK
THE TOKYO TOWERS SEA TOWER,1億1980万円,東京都中央区勝どき６,70.16m2（21.22坪）（壁芯）,2LDK
ブランズ日本橋茅場町,1億1990万円,東京都中央区日本橋茅場町３,56.62m2（壁芯）,1LDK
晴海アイランドトリトンスクエアビュータワー,1億3680万円,東京都中央区晴海１-6‐1,94.12m2（28.47坪）（壁芯）,3LDK
パークタワー晴海,1億4280万円,東京都中央区晴海２,71.65m2（壁芯）,2LDK
ＴＨＥ　ＴＯＫＹＯ　ＴＯＷＥＲＳ　ＳＥＡ　ＴＯＷＥＲ,1億4290万円,東京都中央区勝どき６,73.26m2（22.16坪）（壁芯）,2LDK
ドゥ・トゥールEAST棟,1億4480万円,東京都中央区晴海３,70.7m2（壁芯）,2LDK
晴海アイランドトリトンスクエアビュータワー,1億4800万円,東京都中央区晴海１,94.12m2（28.47坪）（壁芯）,3LDK
ザ・パークハウス晴海タワーズティアロレジデンス,1億4880万円,東京都中央区晴海２-3-2,63.7m2（壁芯）,1LDK
晴海フラッグHARUMI FLAG PARK VIL…,1億4980万円,東京都中央区晴海５,83.39m2,3LDK
DEUX TOURS（ドゥ・トゥール）,1億4980万円,東京都中央区晴海３-13-2,64.59m2（19.53坪）（壁芯）,2LDK
DEUX TOURS CANAL&SPA WEST,1億4980万円,東京都中央区晴海３,64.59m2（19.53坪）（壁芯）,2LDK
THE TOKYO TOWERS MID TOWER,1億5300万円,東京都中央区勝どき６,65.14m2（19.70坪）（壁芯）,1LDK+S（納戸）
THE TOKYO TOWERS MID TOWER,1億5300万円,東京都中央区勝どき６-3-2,65.14m2（19.70坪）（壁芯）,1LDK+S（納戸）
THE TOKYO TOWERS MID TOWER,1億5300万円,東京都中央区勝どき６,65.14m2（壁芯）,1LDK+S（納戸）
ザ・パークハウス晴海タワーズ　クロノレジデンス,1億5500万円,東京都中央区晴海２,85.1m2（25.74坪）（壁芯）,2LDK
THE TOKYO TOWERS MID TOWER,1億5600万円,東京都中央区勝どき６-3-2,65.14m2（壁芯）,1LDK+S（納戸）
HARUMI　FLAG SUN VILLAGE　C棟,1億5700万円,東京都中央区晴海５,80.15m2（24.24坪）（壁芯）,3LDK
ＨＡＲＵＭＩ　ＦＬＡＧ　ＳＵＮ　ＶＩＬＬＡＧＥ　Ｃ棟,1億5700万円,東京都中央区晴海５,80.15m2（24.24坪）（壁芯）,3LDK
ザ・パークハウス晴海タワーズ　クロノレジデンス,1億5800万円,東京都中央区晴海２,70.72m2（21.39坪）（壁芯）,3LDK
勝どきザ・タワー,1億6400万円,東京都中央区勝どき５-３－１,79.84m2（24.15坪）（壁芯）,3LDK
勝どきザ・タワー,1億6400万円,東京都中央区勝どき５,79.84m2（24.15坪）（壁芯）,3LDK
晴海フラッグHARUMI FLAG PARK VIL…,1億6800万円,東京都中央区晴海５,78.85m2（23.85坪）（壁芯）,3LDK
センチュリーパークタワー（46階）,1億6800万円,東京都中央区佃２,73.03m2（22.09坪）（壁芯）,2LDK
パークタワー晴海,1億7000万円,東京都中央区晴海２,82.27m2（壁芯）,2LDK
THE TOKYO TOWERS SEA TOWER,1億8500万円,東京都中央区勝どき６,78.47m2（壁芯）,3LDK
パークタワー晴海,1億8500万円,東京都中央区晴海２,82.27m2（24.88坪）（壁芯）,2LDK
パークタワー晴海,1億8800万円,東京都中央区晴海２,70.84m2（21.42坪）（壁芯）,3LDK
スカイライトタワー,1億9400万円,東京都中央区佃１-１１－７,92.82m2（28.07坪）（壁芯）,3LDK
ザ・パークハウス晴海タワーズ　クロノレジデンス,1億9800万円,東京都中央区晴海２,72.95m2（22.06坪）（壁芯）,3LDK+S（納戸）
ザ・パークハウス晴海タワーズ　クロノレジデンス,1億9800万円,東京都中央区晴海２,72.95m2（22.06坪）（壁芯）,3LDK+S（納戸）
THE TOKYO TOWERS SEA TOWER,1億9800万円,東京都中央区勝どき６,90.27m2（27.30坪）,3LDK
THE　TOKYO　TOWERS　MID　TOWER,2億1800万円,東京都中央区勝どき６,91.58m2（壁芯）,2LDK+S（納戸）
ＨＡＲＵＭＩ　ＦＬＡＧ　ＳＵＮ　ＶＩＬＬＡＧＥ　Ｃ棟,2億1800万円,東京都中央区晴海５,92.78m2（28.06坪）（壁芯）,3LDK
HARUMI　FLAG SUN VILLAGE　C棟,2億1800万円,東京都中央区晴海５,92.78m2（28.06坪）（壁芯）,3LDK
パークタワー勝どきサウス,2億2800万円,東京都中央区勝どき４,72.38m2（21.89坪）（壁芯）,3LDK+S（納戸）
パークタワー晴海,2億3500万円,東京都中央区晴海２,70.84m2（21.42坪）（壁芯）,3LDK
パークタワー勝どきサウス,2億3500万円,東京都中央区勝どき４,78.38m2（壁芯）,2LDK
パークタワー晴海,2億3800万円,東京都中央区晴海２,78.95m2（23.88坪）,3LDK
HARUMI　FLAG SUN VILLAGE　C棟,2億3980万円,東京都中央区晴海５,106.57m2（32.23坪）（壁芯）,4LDK
パークタワー勝どきサウス,2億4800万円,東京都中央区勝どき４,72.38m2（21.89坪）（壁芯）,2LDK
パークタワー晴海,2億5800万円,東京都中央区晴海２,88.49m2（26.76坪）（壁芯）,3LDK
パークタワー勝どきサウス,2億5800万円,東京都中央区勝どき４,74.45m2（22.52坪）（壁芯）,3LDK
パークタワー勝どきサウス,2億5800万円,東京都中央区勝どき４,74.45m2（22.52坪）,3LDK
パークタワー勝どきサウス,2億9800万円,東京都中央区勝どき４,87.05m2（26.33坪）（壁芯）,3LDK
パークタワー勝どきサウス,2億9800万円,東京都中央区勝どき４,87.05m2（26.33坪）（壁芯）,3LDK
パークタワー勝どきサウス,3億1800万円,東京都中央区勝どき４,90.6m2（壁芯）,2LDK
晴海フラッグ HARUMI FLAG SEA VIL…,3億1880万円,東京都中央区晴海５,96.21m2（壁芯）,2LDK
【お得なご成約特典がございます！】MID TOWER…,3億4000万円,東京都中央区月島１-22-1,80.32m2（24.29坪）（壁芯）,2LDK
サンパーク東京銀座,1410万円,東京都中央区入船１-２－８,14.56m2（4.40坪）（壁芯）,ワンルーム
カーサ相生,1600万円,東京都中央区佃２-２２－６,24.3m2（7.35坪）（壁芯）,1DK
月島ハイツ,2110万円,東京都中央区月島４,28m2（8.46坪）（壁芯）,1K
ライオンズマンション東銀座,2180万円,東京都中央区築地４,21.07m2（登記）,1K
シャルマン築地明石町,2210万円,東京都中央区明石町5-13,20.38m2（壁芯）,1K
シャルマン築地明石町,2250万円,東京都中央区明石町,20.38m2（壁芯）,1K
シャルマン築地明石町,2250万円,東京都中央区明石町5-13,20.38m2（6.16坪）,1K
シャルマン築地明石町,2290万円,東京都中央区明石町5-13,20.38m2（6.16坪）（壁芯）,1K
ライオンズマンション日本橋第2,2290万円,東京都中央区日本橋蛎殻町１-３７－９,22.73m2（6.87坪）（壁芯）,1K
ライオンズマンション日本橋第２,2290万円,東京都中央区日本橋蛎殻町１-37-9,22.73m2（壁芯）,1K
朝日八丁堀マンション,2300万円,東京都中央区入船１,28.55m2（壁芯）,ワンルーム
銀座ダイヤハイツ,2380万円,東京都中央区銀座８,16.02m2（4.84坪）（壁芯）,ワンルーム
月島マンション,2380万円,東京都中央区月島３,29.18m2（壁芯）,1LDK
セブンスターマンション日本橋浜町,2380万円,東京都中央区日本橋浜町１,39.15m2（壁芯）,1LDK
月島ハイツ,2480万円,東京都中央区月島４,28m2（8.46坪）（壁芯）,ワンルーム
セブンスターマンション日本橋浜町　 5階,2480万円,東京都中央区日本橋１-１－２,36.68m2,1DK
トダカ佃コーポ,2499万円,東京都中央区佃２,31.53m2（壁芯）,1LDK
トダカ佃コーポ,2499万円,東京都中央区佃２,31.53m2,1LDK
トダカ佃コーポ,2499万円,東京都中央区佃２-18-4,31.53m2（壁芯）,ワンルーム
トダカ佃コーポ,2499万円,東京都中央区佃２,31.53m2（9.53坪）（壁芯）,1LDK
トダカ佃コーポ,2499万円,東京都中央区佃２-18-4,31.53m2（9.53坪）（壁芯）,ワンルーム
【当社売主／フルリノベ】月島ハイツ,2580万円,東京都中央区月島４,28m2（壁芯）,1K
ライオンズマンション日本橋第二,2680万円,東京都中央区日本橋蛎殻町１-37-9,19.11m2（壁芯）,1K
日本橋センチュリープラザ,2700万円,東京都中央区日本橋人形町３-7-13,25.32m2（壁芯）,ワンルーム
ガラ・ステージ日本橋,2850万円,東京都中央区日本橋蛎殻町２,26.14m2（7.90坪）（壁芯）,1K
フジタ横山町マンション,2880万円,東京都中央区日本橋横山町7-17,33.05m2（壁芯）,ワンルーム
フジタ横山町マンション,2880万円,東京都中央区日本橋横山町7-17,33.05m2（9.99坪）（壁芯）,ワンルーム
セントラル東銀座,2900万円,東京都中央区築地２,22.46m2（6.79坪）,1K
ローズハイツ日本橋浜町,2930万円,東京都中央区日本橋浜町３,28.57m2（壁芯）,ワンルーム
ナビウス東日本橋Ⅰ番館,2990万円,東京都中央区東日本橋１,22.34m2（6.75坪）（壁芯）,ワンルーム
佃スカイハイツ,3100万円,東京都中央区佃２,36.54m2（11.05坪）（壁芯）,ワンルーム
越前堀永谷マンション,3150万円,東京都中央区新川１,35.92m2（壁芯）,1LDK
プラージュ月島,3260万円,東京都中央区佃３,21.89m2（6.62坪）（壁芯）,1K
ラポール茅場町三恵ビル,3270万円,東京都中央区日本橋茅場町２,29.07m2（壁芯）,1DK
ファミール日本橋グランスイートプラザ,3380万円,東京都中央区日本橋堀留町２,22.68m2（6.86坪）（壁芯）,1K
アペニンハイム,3380万円,東京都中央区勝どき３-4-18,35.91m2（壁芯）,1LDK
アペニンハイム,3380万円,東京都中央区勝どき３,35.91m2（壁芯）,1LDK
越前堀永谷マンション,3399万円,東京都中央区新川１,40.67m2（壁芯）,1LDK
明石町アビタシオンオオタ,3500万円,東京都中央区明石町,36.89m2（11.15坪）（壁芯）,1LDK
デュオスカーラ東日本橋,3580万円,東京都中央区日本橋馬喰町１,30m2（9.07坪）（壁芯）,ワンルーム
秀和日本橋箱崎レジデンス,3600万円,東京都中央区日本橋箱崎町,38.84m2,1LDK
中銀築地マンシオン,3680万円,東京都中央区築地７,32.95m2（壁芯）,2DK
シャンボール築地,3680万円,東京都中央区勝どき３,44.44m2（壁芯）,1LDK
パークリュクス日本橋小網町ｍｏｎｏ,3780万円,東京都中央区日本橋小網町,25.44m2（7.69坪）（壁芯）,1K
ウェルシャン築地,3780万円,東京都中央区湊３,45.09m2（13.63坪）（壁芯）,1LDK
ウェルシャン築地,3780万円,東京都中央区湊３,45.09m2（13.63坪）（壁芯）,1LDK
ワコー東日本橋マンション,3980万円,東京都中央区日本橋浜町１,40.5m2（壁芯）,1LDK
スターコート日本橋,3980万円,東京都中央区日本橋小網町,46.77m2（壁芯）,2K
スターコート日本橋,3980万円,東京都中央区日本橋小網町3-18,46.77m2（14.14坪）（壁芯）,2K
ファミール日本橋浜町公園,3980万円,東京都中央区日本橋浜町２,29.41m2（壁芯）,1K
サントル銀座四丁目,3980万円,東京都中央区銀座４,22.96m2（壁芯）,ワンルーム
トダカ勝どきコーポ,3980万円,東京都中央区勝どき４,43.74m2（壁芯）,2DK
浜町グランドハイツ,3990万円,東京都中央区日本橋中洲1-5,36m2（10.88坪）,1K+S（納戸）
ニックハイム茅場町,3990万円,東京都中央区新川１,38.88m2（11.76坪）（壁芯）,1LDK
浜町グランドハイツ,3990万円,東京都中央区日本橋中洲,36m2（10.88坪）（壁芯）,1K+S（納戸）
浜町グランドハイツ,3990万円,東京都中央区日本橋中洲1-5,36m2（10.88坪）（壁芯）,1K+S（納戸）
浜町グランドハイツ,3990万円,東京都中央区日本橋中洲,36m2（壁芯）,1K+S（納戸）
浜町グランドハイツ,3990万円,東京都中央区日本橋中洲,36m2（10.88坪）（壁芯）,1K+S（納戸）
浜町グランドハイツ,3990万円,東京都中央区日本橋中洲,36m2（壁芯）,1K+S（納戸）
パレ・ドール日本橋,4080万円,東京都中央区日本橋堀留町１-6-3,39.4m2（11.91坪）（壁芯）,1LDK
パレ・ドール日本橋,4080万円,東京都中央区日本橋堀留町１-6-3,39.4m2（11.91坪）（壁芯）,1LDK
パレ・ドール日本橋,4080万円,東京都中央区日本橋堀留町１-6-3,39.4m2（11.91坪）（壁芯）,1LDK
パレ・ドール日本橋,4080万円,東京都中央区日本橋堀留町１-6-3,39.4m2（11.91坪）（壁芯）,1LDK
パレ・ドール日本橋,4080万円,東京都中央区日本橋堀留町１,39.4m2（11.91坪）（壁芯）,1LDK
サンパーク東京銀座,4199万円,東京都中央区入船１-2-8,39.6m2（11.97坪）（壁芯）,1LDK
サンパーク東京銀座,4199万円,東京都中央区入船１,39.6m2（壁芯）,1LDK
サンパーク東京銀座,4199万円,東京都中央区入船１-2-8,39.6m2（11.97坪）（壁芯）,1LDK
サンパーク東京銀座,4199万円,東京都中央区入船１,39.6m2,1LDK
サンパーク東京銀座,4199万円,東京都中央区入船１-2-8,39.6m2（11.97坪）（壁芯）,1LDK
ワコー東日本橋マンション,4250万円,東京都中央区日本橋浜町１-3-7,42.74m2（12.92坪）,1LDK
ワコー東日本橋マンション,4250万円,東京都中央区日本橋浜町１,42.74m2（壁芯）,1LDK
ワコー東日本橋マンション,4250万円,東京都中央区日本橋浜町１-10-8,42.74m2（12.92坪）（壁芯）,1LDK
ワコー東日本橋マンション,4250万円,東京都中央区日本橋浜町１,25.08m2（壁芯）,1LDK
ワコー東日本橋マンション,4250万円,東京都中央区日本橋浜町１,42.74m2（壁芯）,1LDK
ワコー東日本橋マンション,4250万円,東京都中央区日本橋浜町１-10-8,42.74m2（12.92坪）（壁芯）,1LDK
ワコー東日本橋マンション,4250万円,東京都中央区日本橋浜町１,42.74m2（12.92坪）（壁芯）,1LDK
月島マンション,4280万円,東京都中央区月島３,38.06m2（壁芯）,ワンルーム
箱崎ダイヤマンション,4480万円,東京都中央区日本橋箱崎町13-8,43.82m2（13.25坪）（壁芯）,1LDK
箱崎ダイヤマンション,4480万円,東京都中央区日本橋箱崎町１３-８,43.82m2（壁芯）,1LDK
箱崎ダイヤマンション,4480万円,東京都中央区日本橋箱崎町,43.82m2（壁芯）,1LDK
箱崎ダイヤマンション,4480万円,東京都中央区日本橋箱崎町,43.82m2（壁芯）,1LDK
箱崎ダイヤマンション,4480万円,東京都中央区日本橋箱崎町,43.82m2（壁芯）,1LDK
箱崎ダイヤマンション,4480万円,東京都中央区日本橋箱崎町13-8,43.82m2（壁芯）,1LDK
箱崎ダイヤマンション,4480万円,東京都中央区日本橋箱崎町,43.82m2（13.25坪）（壁芯）,1LDK
箱崎ダイヤマンション,4480万円,東京都中央区日本橋箱崎町13,43.82m2（13.25坪）（壁芯）,1LDK
箱崎ダイヤマンション,4480万円,東京都中央区日本橋箱崎町,43.82m2,1LDK
中銀新川マンシオン,4480万円,東京都中央区新川２,40m2（壁芯）,2DK
箱崎ダイヤマンション,4480万円,東京都中央区日本橋箱崎町,43.82m2（13.25坪）（壁芯）,1LDK
箱崎ダイヤマンション,4480万円,東京都中央区日本橋箱崎町13,43.82m2（13.25坪）（壁芯）,1LDK
箱崎ダイヤマンション,4480万円,東京都中央区日本橋箱崎町,43.82m2（13.25坪）（壁芯）,1LDK
箱崎ダイヤマンション,4480万円,東京都中央区日本橋箱崎町,43.82m2（壁芯）,1LDK
カルム築地,4500万円,東京都中央区築地２,38.36m2（11.60坪）（壁芯）,1K
サントル銀座四丁目,4500万円,東京都中央区銀座４,32.51m2（9.83坪）（壁芯）,1K
マック銀座ビル,4580万円,東京都中央区銀座１,22.4m2（6.77坪）（壁芯）,ワンルーム
リレント日本橋,4580万円,東京都中央区日本橋馬喰町１,41.85m2（12.65坪）,ワンルーム
ライオンズマンション茅場町,4680万円,東京都中央区新川１-24-7,46.05m2（13.93坪）（壁芯）,1LDK
ライオンズマンション茅場町,4680万円,東京都中央区新川１-24-7,46.05m2（壁芯）,1LDK
ライオンズマンション茅場町,4680万円,東京都中央区新川１-24-7,46.05m2（13.93坪）（壁芯）,1LDK
ライオンズマンション茅場町,4680万円,東京都中央区新川１-24-7,46.05m2（13.93坪）（壁芯）,1LDK
ライオンズマンション茅場町,4680万円,東京都中央区新川１,46.05m2（壁芯）,1LDK
ライオンズマンション茅場町,4680万円,東京都中央区新川１,46.05m2（13.93坪）（壁芯）,1LDK
ライオンズマンション茅場町,4680万円,東京都中央区新川１-24-7,46.05m2（壁芯）,1LDK
ライオンズマンション茅場町,4680万円,東京都中央区新川１,46.05m2（13.93坪）（壁芯）,1DK
オーベルジュ日本橋,4690万円,東京都中央区日本橋中洲,30.52m2（壁芯）,1K
横山町ダイカンプラザ,4780万円,東京都中央区日本橋横山町,45.27m2（13.69坪）（壁芯）,1LDK
グリーンパーク東日本橋レジデンスⅡ,4980万円,東京都中央区東日本橋１,40.33m2（壁芯）,1LDK
明石町ツインクロス,4980万円,東京都中央区明石町,37.23m2（11.26坪）（壁芯）,1LDK
シティハウス日本橋,4980万円,東京都中央区新川１,33.6m2（壁芯）,ワンルーム
アペニンハイム,5080万円,東京都中央区勝どき３,56.7m2（壁芯）,2LDK
アペニンハイム,5080万円,東京都中央区勝どき３-4-18,56.7m2（17.15坪）（壁芯）,2LDK
アペニンハイム,5080万円,東京都中央区勝どき３,56.7m2（壁芯）,2LDK
アペニンハイム,5080万円,東京都中央区勝どき３,56.7m2（壁芯）,2LDK
アペニンハイム,5080万円,東京都中央区勝どき３,56.7m2,2LDK
晴海テラス,5180万円,東京都中央区晴海５,40m2（12.09坪）（壁芯）,1LDK
秀和新川レジデンス,5299万円,東京都中央区新川２,39.87m2（壁芯）,1LDK
秀和新川レジデンス,5299万円,東京都中央区新川２-31-11,39.87m2（12.06坪）（壁芯）,2DK
秀和新川レジデンス,5299万円,東京都中央区新川２,39.87m2（壁芯）,2DK
晴海テラス,5380万円,東京都中央区晴海５,40m2（12.09坪）（壁芯）,1LDK
ハイツ水天宮前,5480万円,東京都中央区日本橋蛎殻町１-39-7,58.19m2（壁芯）,1LDK
シティフロントタワー,5499万円,東京都中央区佃１,40.02m2（壁芯）,1DK
ザ・クレストタワー,5580万円,東京都中央区佃２,36.77m2（壁芯）,1K
ニックハイム日本橋,5690万円,東京都中央区日本橋中洲,61.56m2（壁芯）,3DK
ドルチェ日本橋浜町・弐番館,5780万円,東京都中央区日本橋浜町３,40.47m2（壁芯）,1LDK
ジオ勝どき,5800万円,東京都中央区勝どき３,38.34m2（壁芯）,1DK
サンウッド東日本橋フラッツ,5890万円,東京都中央区日本橋横山町,37.51m2（11.34坪）（壁芯）,1LDK
サンウッド東日本橋フラッツ,5890万円,東京都中央区日本橋横山町,37.51m2,1LDK
サンウッド東日本橋フラッツ,5890万円,東京都中央区日本橋横山町,37.51m2（11.34坪）（壁芯）,1LDK
ライジングプレイス月島,5980万円,東京都中央区月島４,40m2（12.09坪）（壁芯）,1LDK
ニックハイム日本橋,5980万円,東京都中央区日本橋中洲,61.56m2（18.62坪）（壁芯）,3DK
グレース中の橋,5980万円,東京都中央区日本橋蛎殻町２,57.7m2（17.45坪）（壁芯）,3DK
ファミール日本橋グランスイートプラザ,6150万円,東京都中央区日本橋堀留町２,42.57m2（壁芯）,1K
オープンレジデンシア日本橋横山町,6180万円,東京都中央区日本橋横山町,40.74m2（壁芯）,1LDK
ステージグランデ新川,6180万円,東京都中央区新川２-19-8,42.69m2（12.91坪）（壁芯）,1LDK
グレーシア勝どき,6300万円,東京都中央区勝どき４,40.72m2（12.31坪）（壁芯）,1LDK
パロス新富町,6480万円,東京都中央区新富１,51.77m2,1LDK
アスコットパーク日本橋浜町アルテ,6480万円,東京都中央区日本橋浜町２,40.02m2（12.10坪）（壁芯）,ワンルーム
ライオンズシティ東京タイムズプレイス,6480万円,東京都中央区新川２,44.64m2（13.50坪）（壁芯）,1LDK
クレヴィア日本橋,6490万円,東京都中央区日本橋蛎殻町１,46.59m2（壁芯）,3K
グレース中の橋,6490万円,東京都中央区日本橋蛎殻町２-14-2,57.7m2（17.45坪）（壁芯）,3DK
クレヴィア日本橋,6490万円,東京都中央区日本橋蛎殻町１,34.65m2（10.48坪）（壁芯）,1LDK
藤和八丁堀コープ,6500万円,東京都中央区湊１,61.51m2（壁芯）,2LDK
クレヴィア日本橋,6580万円,東京都中央区日本橋蛎殻町１,34.65m2（10.48坪）（壁芯）,1LDK
セザールベイサイド勝どき,6599万円,東京都中央区勝どき３-3-12,43.64m2（13.20坪）,1LDK
セザールベイサイド勝どき,6599万円,東京都中央区勝どき３,43.64m2（壁芯）,1LDK
セザールベイサイド勝どき,6599万円,東京都中央区勝どき３,43.64m2（壁芯）,1LDK
セザールベイサイド勝どき,6599万円,東京都中央区勝どき３,43.64m2（13.20坪）（壁芯）,1LDK
ライオンズシティ東京タイムズプレイス,6680万円,東京都中央区新川２,42.77m2（壁芯）,1LDK
リビオ人形町日本橋浜町グリーンテラス,6680万円,東京都中央区日本橋浜町２,46.37m2（壁芯）,1LDK
オープンレジデンシア日本橋横山町,6750万円,東京都中央区日本橋横山町,40.88m2（12.36坪）（壁芯）,1LDK
Ｂｒｉｌｌｉａ銀座ｉｄ,6780万円,東京都中央区銀座２,30.2m2（壁芯）,ワンルーム
エスタシオン月島,6880万円,東京都中央区佃３,55.48m2（16.78坪）（壁芯）,1LDK
ドゥ・トゥールEAST【DEUX TOURS】,6880万円,東京都中央区晴海３,33.72m2（壁芯）,ワンルーム
エスタシオン月島,6880万円,東京都中央区佃３-11-17,55.48m2,1LDK
エスタシオン月島,6880万円,東京都中央区佃３,55.48m2（16.78坪）（壁芯）,1LDK
藤和八丁堀コープII,6880万円,東京都中央区湊１,65.74m2（19.88坪）（壁芯）,2LDK
明石町アビタシオン,6980万円,東京都中央区明石町,62.51m2（壁芯）,1LDK+S（納戸）
光建ハイムブリリアンス日本橋浜町五番館,6980万円,東京都中央区日本橋浜町２,57.87m2（壁芯）,2LDK
レックス勝どきプレミアレジデンス,6980万円,東京都中央区勝どき４,44.66m2（13.50坪）（壁芯）,1LDK
パレソレイユ日本橋三越前,7200万円,東京都中央区日本橋本町１,43.34m2（13.11坪）（壁芯）,1LDK
パレ・ソレイユ日本橋三越前,7200万円,東京都中央区日本橋本町１,43.34m2（壁芯）,1LDK
パレ・ソレイユ日本橋三越前,7200万円,東京都中央区日本橋本町１-8-10,43.34m2（13.11坪）（壁芯）,1LDK
パレ・ソレイユ日本橋三越前,7200万円,東京都中央区日本橋本町１,43.34m2（13.11坪）（壁芯）,1LDK
プレジール日本橋人形町　2LDK◇内見可能◇,7250万円,東京都中央区日本橋人形町２,52.67m2（壁芯）,2LDK
グランシティ日本橋水天宮,7398万円,東京都中央区日本橋中洲,43.52m2（壁芯）,2LDK
シティハウス月島駅前キャピタルコート,7480万円,東京都中央区佃３,45.44m2（13.74坪）（壁芯）,1LDK
グリーンパーク八丁堀桜川公園,7780万円,東京都中央区八丁堀４,52.28m2（壁芯）,2LDK
マイキャッスル水天宮前壱番館,7800万円,東京都中央区日本橋蛎殻町２,53.77m2（16.26坪）（登記）,1LDK+S（納戸）
ブランズ日本橋茅場町,7800万円,東京都中央区日本橋茅場町３,40.18m2（12.15坪）（壁芯）,1LDK
コンポジット日本橋,7850万円,東京都中央区日本橋堀留町２,52.03m2（15.73坪）（壁芯）,1LDK
ファミール銀座イースト,7980万円,東京都中央区築地２,46.17m2（13.96坪）（壁芯）,1LDK
ブランズ明石町,7990万円,東京都中央区明石町,40.11m2（壁芯）,1LDK
ブランズ明石町,7990万円,東京都中央区明石町7-20,40.11m2（12.13坪）（壁芯）,1LDK
ブランズ明石町,7990万円,東京都中央区明石町7-20,40.11m2（12.13坪）（壁芯）,1LDK
東京月島ガーデンハウス,7990万円,東京都中央区佃２,59.2m2（17.90坪）（壁芯）,2LDK
サンクタス127,8000万円,東京都中央区新川１,52.94m2（壁芯）,2LDK
グリーンパーク銀座デ・プレ,8280万円,東京都中央区築地２,55.29m2（16.72坪）（壁芯）,1LDK
レグノ・ヴェール明石町,8280万円,東京都中央区明石町,55.46m2（16.77坪）（壁芯）,2LDK
グリーンパーク銀座デ・プレ,8280万円,東京都中央区築地２-11-12,55.29m2（16.72坪）（壁芯）,1LDK
グリーンパーク銀座デプレ,8280万円,東京都中央区築地２,55.29m2（16.72坪）（壁芯）,1LDK
グリーンパーク銀座デプレ,8280万円,東京都中央区築地２,55.29m2（16.72坪）（壁芯）,1LDK
Garden Terrace GINZA EAST,8300万円,東京都中央区築地７,45.16m2（壁芯）,2LDK
シティフロントタワー,8300万円,東京都中央区佃１,60.28m2（18.23坪）（壁芯）,1LDK
パークリュクス銀座mono,8300万円,東京都中央区銀座８-１８－７,30.86m2（壁芯）,1LDK
勝どきザ・タワー,8380万円,東京都中央区勝どき５,42.04m2,1LDK
勝どきザ・タワー,8380万円,東京都中央区勝どき５,42.04m2（12.71坪）（壁芯）,1LDK
勝どきザ・タワー,8380万円,東京都中央区勝どき５,42.04m2（12.71坪）（壁芯）,1LDK
エフローレ日本橋,8380万円,東京都中央区日本橋大伝馬町,51.95m2（15.71坪）（壁芯）,1LDK+S（納戸）
勝どきザ・タワー,8380万円,東京都中央区勝どき５,42.04m2（壁芯）,1LDK
クレストシティレジデンス,8480万円,東京都中央区勝どき５,60.38m2（壁芯）,2LDK
トーア新富マンション,8480万円,東京都中央区新富１,77.2m2（23.35坪）（登記）,3LDK+S（納戸）
シティハウス東京八重洲通り,8480万円,東京都中央区新川２,40m2（12.09坪）（壁芯）,1LDK
浜町グランドハイツ,8499万円,東京都中央区日本橋中洲,65.78m2（壁芯）,3LDK
浜町グランドハイツ,8499万円,東京都中央区日本橋中洲,65.78m2（壁芯）,3LDK
浜町グランドハイツ,8499万円,東京都中央区日本橋中洲1-5,65.78m2（19.89坪）（壁芯）,3LDK
浜町グランドハイツ,8499万円,東京都中央区日本橋中洲,65.78m2,3LDK
浜町グランドハイツ,8499万円,東京都中央区日本橋中洲,65.78m2（19.89坪）（壁芯）,3LDK
浜町グランドハイツ,8499万円,東京都中央区日本橋中洲１-５,65.78m2（壁芯）,3LDK
グレーシア勝どき,8600万円,東京都中央区勝どき４,52.4m2（壁芯）,2LDK+S（納戸）
勝どきザ・タワー,8600万円,東京都中央区勝どき５,47.79m2（壁芯）,1LDK
勝どきザ・タワー,8600万円,東京都中央区勝どき５,47.79m2（14.45坪）（壁芯）,1LDK
勝どきザ・タワー,8600万円,東京都中央区勝どき５,47.79m2（壁芯）,1LDK
勝どきザ・タワー,8680万円,東京都中央区勝どき５,49.95m2（壁芯）,1LDK
セザールリバーサイド中洲,8680万円,東京都中央区日本橋中洲,66.35m2（壁芯）,2LDK+S（納戸）
サンクタス築地,8680万円,東京都中央区築地７-13-7,44.24m2（13.38坪）（壁芯）,1LDK
サンクタス築地,8680万円,東京都中央区築地７,44.24m2（13.38坪）（壁芯）,1LDK
サンクタス築地,8680万円,東京都中央区築地７,44.24m2,1LDK
サンクタス築地,8680万円,東京都中央区築地７,44.24m2（壁芯）,1LDK
パークタワー勝どきミッド,8780万円,東京都中央区勝どき４,30.07m2（壁芯）,1DK
MID TOWER GRAND,8880万円,東京都中央区月島１-２２－１,42.32m2（12.80坪）（壁芯）,1LDK
ピアース東京インプレイス,8880万円,東京都中央区新川２,61.83m2（壁芯）,2LDK
クレイス月島キャナルフロント,8980万円,東京都中央区月島２,61.23m2（壁芯）,1LDK+S（納戸）
クレイス月島キャナルフロント,8980万円,東京都中央区月島２,61.23m2（18.52坪）（壁芯）,1LDK+S（納戸）
クレイス月島キャナルフロント,8980万円,東京都中央区月島２,61.23m2（18.52坪）（壁芯）,1LDK+S（納戸）
コンパートメント東京中央,8980万円,東京都中央区八丁堀３,60.96m2（壁芯）,1LDK+S（納戸）
日本橋三越前アムフラット壱番館,8980万円,東京都中央区日本橋小舟町8-14,51.3m2（15.51坪）（壁芯）,1LDK
日本橋三越前アムフラット壱番館,8980万円,東京都中央区日本橋小舟町,51.3m2（15.51坪）（壁芯）,1LDK
ザ・トヨミタワー　マリン＆スカイ　ウエストウイング,8980万円,東京都中央区豊海町,40m2（壁芯）,1LDK
クレイス月島キャナルフロント,8980万円,東京都中央区月島２,61.23m2（18.52坪）,1LDK+S（納戸）
日本橋三越前アムフラット壱番館,8980万円,東京都中央区日本橋小舟町8-14,51.3m2（15.51坪）（壁芯）,1LDK
日本橋三越前アムフラット壱番館,8980万円,東京都中央区日本橋小舟町,51.3m2（15.51坪）（壁芯）,1LDK
日本橋三越前アムフラット(5階/10階建),8980万円,東京都中央区日本橋小舟町,51.3m2（15.51坪）（壁芯）,1LDK
日本橋三越前アムフラット壱番館,8980万円,東京都中央区日本橋小舟町8-14,51.3m2（15.51坪）（壁芯）,1LDK
日本橋三越駅前アムフラット壱番館,8980万円,東京都中央区日本橋小舟町8-4,51.3m2（15.51坪）（壁芯）,1LDK
日本橋三越駅前アムフラット壱番館,8980万円,東京都中央区日本橋小舟町,51.3m2（壁芯）,1LDK
日本橋三越前アムフラット壱番館,8980万円,東京都中央区日本橋小舟町,51.3m2（壁芯）,1LDK
日本橋三越前アムフラット壱番館,8980万円,東京都中央区日本橋小舟町,51.3m2（15.51坪）（壁芯）,1LDK
日本橋三越前アムフラット壱番館,8980万円,東京都中央区日本橋小舟町,51.3m2（壁芯）,1LDK
日本橋三越前アムフラット,8980万円,東京都中央区日本橋小舟町,51.3m2（壁芯）,1LDK
日本橋三越前アムフラット壱番館,8980万円,東京都中央区日本橋小舟町,51.3m2（壁芯）,1LDK
日本橋三越駅前アムフラット壱番館,8980万円,東京都中央区日本橋小舟町,51.3m2（15.51坪）（壁芯）,1LDK
日本橋三越駅前アムフラット壱番館,8980万円,東京都中央区日本橋小舟町,51.3m2（15.51坪）（壁芯）,1LDK
日本橋三越前アムフラット壱番館,8980万円,東京都中央区日本橋小舟町,51.3m2（15.51坪）（壁芯）,1DK
スカイライトタワー,9180万円,東京都中央区佃１,61.56m2（18.62坪）（壁芯）,1LDK
パークタワー晴海,9280万円,東京都中央区晴海２,45.06m2（13.63坪）（壁芯）,1LDK
シティハウス月島ステーションコート,9350万円,東京都中央区月島４,54.64m2（16.52坪）（壁芯）,2LDK
ソフィアタワー勝どき,9380万円,東京都中央区勝どき３-12-12,72.14m2（21.82坪）（壁芯）,2LDK
グリーンパーク日本橋参番館,9380万円,東京都中央区日本橋大伝馬町,57.33m2（壁芯）,2LDK
クレストシティレジデンス勝どき,9480万円,東京都中央区勝どき５-5-14,60.38m2（18.26坪）,2LDK
クレストシティレジデンス勝どき,9480万円,東京都中央区勝どき５-5-14,60.38m2（18.26坪）（壁芯）,2LDK
クレストシティジデンス勝どき,9480万円,東京都中央区勝どき５,60.38m2（18.26坪）,2LDK
ジオ勝どき,9480万円,東京都中央区勝どき３-6-10,56.49m2（壁芯）,2LDK
クレストシティレジデンス,9480万円,東京都中央区勝どき５,60.38m2（壁芯）,2LDK+S（納戸）
コノエ東日本橋,9480万円,東京都中央区東日本橋１,53.84m2（壁芯）,2LDK
クレストシティレジデンス,9480万円,東京都中央区勝どき５,60.38m2（18.26坪）（壁芯）,2LDK
シティハウス月島ステーションコート,9480万円,東京都中央区月島４,60.48m2（18.29坪）（壁芯）,2LDK
シティハウス月島駅前ベイブリーズコート,9500万円,東京都中央区佃３,56.41m2（壁芯）,2LDK
シティハウス月島駅前ベイブリーズコート,9500万円,東京都中央区佃３-4-14,56.41m2（17.06坪）（壁芯）,2LDK
シティハウス月島駅前ベイブリーズコート,9500万円,東京都中央区佃３,56.41m2（17.06坪）（壁芯）,2LDK
シティハウス月島駅前ベイブリーズコート,9500万円,東京都中央区佃３-4-14,56.41m2（17.06坪）,2LDK
シティハウス月島駅前 ベイブリーズコート2F,9500万円,東京都中央区佃３-4-14,56.41m2（17.06坪）（壁芯）,2LDK
シティハウス月島駅前 ベイブリーズコート2F,9500万円,東京都中央区佃３-4-14,56.41m2（17.06坪）（壁芯）,2LDK
ドゥ・トゥール　EAST,9500万円,東京都中央区晴海３,42.88m2（壁芯）,1LDK
シティハウス月島駅前ベイブリーズコート,9500万円,東京都中央区佃３,56.41m2（17.06坪）（壁芯）,2LDK
リビオレゾン月島ステーションプレミア,9580万円,東京都中央区佃２,55.15m2（16.68坪）（壁芯）,2LDK
スカイライトタワー,9680万円,東京都中央区佃１,61.56m2,1LDK
パークホームズ日本橋人形町二丁目,9680万円,東京都中央区日本橋人形町２,40.68m2（12.30坪）（壁芯）,1LDK
アスコットパーク東京八丁堀,9780万円,東京都中央区湊２,59.36m2（壁芯）,2LDK
クレストシティレジデンス,9780万円,東京都中央区勝どき５,70.31m2（壁芯）,2LDK
ザ・トヨミタワー　マリン＆スカイ　イーストウイング,9780万円,東京都中央区豊海町,44.9m2（壁芯）,1LDK
晴海アイランドトリトンスクエアビュータワー　１号棟,9780万円,東京都中央区晴海１,69.86m2（21.13坪）（壁芯）,2LDK
グランド・ガーラ銀座,9800万円,東京都中央区銀座１,40.27m2（12.18坪）,1LDK
晴海アイランドトリトンスクエアビュータワー,9800万円,東京都中央区晴海１,69.86m2（壁芯）,2LDK+S（納戸）
ルミネ東京ベイフロント,9980万円,東京都中央区勝どき６-５-１５,66.5m2（20.11坪）（壁芯）,2LDK
HARUMI FLAG SUN VILLAGE C棟…,9980万円,東京都中央区晴海５-5-3,61.18m2（18.50坪）（壁芯）,2LDK
日本橋八重洲デュープレックスポーション,9980万円,東京都中央区日本橋３,41.04m2（壁芯）,1LDK
ルミネ東京ベイフロント,9980万円,東京都中央区勝どき６-5-15,66.5m2（20.11坪）（壁芯）,2LDK
ルミネ東京ベイフロント,9980万円,東京都中央区勝どき６,66.5m2（20.11坪）（壁芯）,2LDK
日本橋ヴォアール,9980万円,東京都中央区東日本橋３,57.09m2（壁芯）,2LDK
【東京駅徒歩圏内／リノベーション】日本橋八重洲デュー…,9980万円,東京都中央区日本橋３,41.04m2（壁芯）,1LDK
ルミネ東京ベイフロント,9980万円,東京都中央区勝どき６-5-15,66.5m2（20.11坪）（壁芯）,2LDK
日本橋八重洲デュープレックスポーション,9980万円,東京都中央区日本橋３,41.04m2（12.41坪）（壁芯）,1LDK
ルミネ東京ベイフロント,9980万円,東京都中央区勝どき６-5-15,66.5m2（20.11坪）（壁芯）,2LDK
ルミネ東京ベイフロント,9980万円,東京都中央区勝どき６,66.5m2（20.11坪）,2LDK
ルミネ東京ベイフロント,9980万円,東京都中央区勝どき６,66.5m2（壁芯）,2LDK
ルミネ東京ベイフロント,9980万円,東京都中央区勝どき６-5-15,66.5m2（20.11坪）（壁芯）,2LDK
ルミネ東京ベイフロント,9980万円,東京都中央区勝どき６,66.5m2（壁芯）,2LDK
ルミネ東京ベイフロント,9980万円,東京都中央区勝どき６,66.5m2（壁芯）,2LDK
ルミネ東京ベイフロント,9980万円,東京都中央区勝どき６,66.5m2（壁芯）,2LDK
ルミネ東京ベイフロント,9980万円,東京都中央区勝どき６-5-15,66.5m2（20.11坪）（壁芯）,2LDK
日本橋八重洲デュープレックススポーション,9980万円,東京都中央区日本橋３-5-9,41.04m2（12.41坪）,1LDK
パークタワー晴海,9980万円,東京都中央区晴海２,48.02m2（壁芯）,1LDK+S（納戸）
ルミネ東京ベイフロント,9980万円,東京都中央区勝どき６-5-15,66.5m2（壁芯）,2LDK
シティハウス月島駅前ベイブリーズコート,9980万円,東京都中央区佃３,56.41m2（17.06坪）（壁芯）,2LDK
ルミネ東京ベイフロント,9980万円,東京都中央区勝どき６,66.5m2（20.11坪）（壁芯）,2LDK
東京八重洲アムフラット,9980万円,東京都中央区新川２,56.06m2（壁芯）,2LDK
日本橋八重洲デュープレックスポーション,9980万円,東京都中央区日本橋３,41.04m2（壁芯）,1LDK
ルミネ東京ベイフロント,9980万円,東京都中央区勝どき６,66.5m2（20.11坪）（壁芯）,2LDK
日本橋ヴォアール,9980万円,東京都中央区東日本橋３,54.32m2（壁芯）,2LDK
プロスタイル日本橋馬喰町,9980万円,東京都中央区東日本橋３,68.1m2（20.60坪）（壁芯）,1LDK+S（納戸）
日本橋八重洲デュープレクスポーション,9980万円,東京都中央区日本橋３-5-9,41.04m2（12.41坪）（壁芯）,1LDK
日本橋八重洲デュープレックスポーション,9980万円,東京都中央区日本橋３,41.04m2（壁芯）,1LDK
ジオ勝どき,9980万円,東京都中央区勝どき３,55.96m2（16.92坪）（壁芯）,2LDK
ベイサイドタワー晴海,9980万円,東京都中央区晴海３,57.2m2（17.30坪）（壁芯）,2LDK
ルミネ東京ベイフロント,9980万円,東京都中央区勝どき６-5-15,66.5m2（20.11坪）（壁芯）,2LDK
ザ・パークハウス晴海タワーズ クロノレジデンス,9980万円,東京都中央区晴海２,59.79m2（18.08坪）（壁芯）,2LDK
HARUMIFLAGSUNVILLAGE,9980万円,東京都中央区晴海５,61.18m2,2LDK+S（納戸）
ルミネ東京ベイフロント,9980万円,東京都中央区勝どき６-5-15,66.5m2（壁芯）,2LDK
クレストシティレジデンス,9990万円,東京都中央区勝どき５,70.31m2（壁芯）,2LDK
ライオンズマンション箱崎町,9999万円,東京都中央区日本橋箱崎町,75.22m2（壁芯）,3LDK
ライオンズマンション箱崎町,9999万円,東京都中央区日本橋箱崎町37-4,75.22m2（22.75坪）（壁芯）,3LDK
ライオンズマンション箱崎町,9999万円,東京都中央区日本橋箱崎町,75.22m2（22.75坪）（壁芯）,3LDK
ライオンズマンション箱崎町,9999万円,東京都中央区日本橋箱崎町３７-４,75.22m2（壁芯）,3LDK
ドゥ・トゥール　イースト,1億円,東京都中央区晴海３,42.88m2（壁芯）,1LDK
ドゥ・トゥール　イースト,1億円,東京都中央区晴海３,42.88m2（12.97坪）（壁芯）,2K
ドゥ・トゥール　ＥＡＳＴ,1億円,東京都中央区晴海３,42.88m2（12.97坪）（壁芯）,2K
ドゥ・トゥールキャナル＆スパEAST,1億円,東京都中央区晴海３,42.88m2（12.97坪）（壁芯）,2K
ザ・パームス日本橋リバーサイドタワー,1億140万円,東京都中央区東日本橋２,62.1m2（壁芯）,2LDK
MID TOWER GRAND,1億280万円,東京都中央区月島１,42.05m2（壁芯）,1LDK
ザ・パークハウス晴海タワーズティアロレジデンス,1億480万円,東京都中央区晴海２-3-2,44.15m2（壁芯）,1LDK
パークリュクス銀座８丁目mono,1億500万円,東京都中央区銀座８-15-4,42m2（壁芯）,1LDK
サンクレスト茅場町,1億500万円,東京都中央区新川１,109.25m2（33.04坪）（壁芯）,3LDK
パークリュクス銀座８丁目mono,1億500万円,東京都中央区銀座８-15-4,42m2（12.70坪）（壁芯）,1LDK
晴海ビュータワー,1億500万円,東京都中央区晴海１-6-1,69.86m2（21.13坪）,2LDK+S（納戸）
ベイサイドタワー晴海,1億500万円,東京都中央区晴海３,55.28m2（16.72坪）（壁芯）,2LDK
晴海アイランドトリトンスクエアビュータワー,1億500万円,東京都中央区晴海１,69.86m2（21.13坪）（壁芯）,2LDK+S（納戸）
晴海ビュータワー1号棟,1億500万円,東京都中央区晴海１-6-1,69.86m2（21.13坪）（壁芯）,2LDK+S（納戸）
ＨＡＲＵＭＩ　ＦＬＡＧ　ＳＵＮ　ＶＩＬＬＡＧＥ　Ｄ棟,1億500万円,東京都中央区晴海５,61.51m2（18.60坪）（壁芯）,2LDK
晴海ビュータワー1号棟,1億500万円,東京都中央区晴海１,69.86m2（21.13坪）（壁芯）,2LDK+S（納戸）
シティタワー銀座東（SOHO棟）,1億580万円,東京都中央区湊２,44.8m2（壁芯）,1LDK
シティタワー銀座東,1億580万円,東京都中央区湊２,44.8m2（13.55坪）（壁芯）,2K
プラネ勝どき,1億580万円,東京都中央区勝どき５-1-20,69.02m2（20.87坪）（壁芯）,2LDK
ザ・パークハウス晴海タワーズティアロレジデンス,1億780万円,東京都中央区晴海２,58.31m2（壁芯）,2LDK
パークホームズ日本橋浜町二丁目リビオガーデン,1億800万円,東京都中央区日本橋浜町２,55.92m2（16.91坪）（壁芯）,1LDK
HARUMI　FLAG　PARK　VILLAGE,1億880万円,東京都中央区晴海５,66.85m2（壁芯）,2LDK
アイ・マーク　タワー,1億970万円,東京都中央区月島１,54.91m2（16.61坪）（壁芯）,2LDK
THE TOKYO TOWERS SEA TOWER,1億980万円,東京都中央区勝どき６-3-1,63.07m2（壁芯）,2LDK
ザ・パークハウス晴海タワーズティアロレジデンス,1億980万円,東京都中央区晴海２,64.55m2（19.52坪）（壁芯）,2LDK
ザ・パークハウス晴海タワーズティアロレジデンス,1億980万円,東京都中央区晴海２,57.65m2（壁芯）,2LDK
ザ・パークハウス晴海タワーズ　クロノレジデンス,1億980万円,東京都中央区晴海２,56.79m2（17.17坪）（壁芯）,2LDK
ザ・晴海レジデンス,1億980万円,東京都中央区晴海５,75.02m2（22.69坪）（壁芯）,2LDK+S（納戸）
クレヴィア日本橋浜町公園,1億990万円,東京都中央区日本橋浜町１,55.26m2（16.71坪）（壁芯）,2LDK
スカイライトタワー,1億999万円,東京都中央区佃１-１１-７,62.01m2（壁芯）,2LDK
スカイライトタワー,1億999万円,東京都中央区佃１-11-7,62.01m2（18.75坪）（壁芯）,2LDK
スカイライトタワー,1億999万円,東京都中央区佃１,62.01m2（壁芯）,2LDK
オーベル明石町レジデンス,1億1000万円,東京都中央区明石町,60.1m2（壁芯）,2LDK
銀座タワー,1億1000万円,東京都中央区銀座１,82.21m2（壁芯）,1LDK
マイキャッスル水天宮前壱番館,1億1000万円,東京都中央区日本橋蛎殻町２,63.18m2（19.11坪）（壁芯）,3LDK
ザ・パークハウス晴海タワーズクロノレジデンス,1億1300万円,東京都中央区晴海２-3-30,63.64m2（壁芯）,2LDK+S（納戸）
スカイライトタワー,1億1350万円,東京都中央区佃１,62.01m2（壁芯）,1LDK
ファミール日本橋グランスイートプラザ,1億1460万円,東京都中央区日本橋堀留町２,64.79m2（19.59坪）（壁芯）,2LDK
晴海フラッグ　ＨＡＲＵＭＩ　ＦＬＡＧ　ＳＵＮ　ＶＩＬ…,1億1480万円,東京都中央区晴海５,62.39m2（壁芯）,1LDK
ファミール東銀座グランスイートタワー,1億1480万円,東京都中央区築地１,53.17m2（壁芯）,2LDK
パークシティ中央湊ザタワー,1億1499万円,東京都中央区湊２-15-14,40.19m2（12.15坪）（壁芯）,1LDK
パークシティ中央湊ザタワー,1億1499万円,東京都中央区湊２,40.19m2（12.15坪）（壁芯）,1LDK
パークシティ中央湊ザタワー,1億1499万円,東京都中央区湊２,40.19m2（壁芯）,1LDK
プライムスタイル東日本橋,1億1500万円,東京都中央区東日本橋３,61.95m2（壁芯）,2LDK
アスコットパーク日本橋人形町アトリエ,1億1500万円,東京都中央区日本橋人形町２,56.97m2（17.23坪）（壁芯）,2LDK
ピアース東京インプレイス,1億1500万円,東京都中央区新川２,63.25m2（19.13坪）（壁芯）,2LDK
HARUMI FLAG SUN VILLAGE晴海フ…,1億1600万円,東京都中央区晴海５,65.12m2（壁芯）,2LDK
ＨＡＲＵＭＩ　ＦＬＡＧ　ＳＵＮ　ＶＩＬＬＡＧＥ　Ｆ棟,1億1600万円,東京都中央区晴海５,65.12m2（19.69坪）（壁芯）,2LDK
HARUMI FLAG SUN VILLAGE F棟,1億1600万円,東京都中央区晴海５,65.12m2（19.69坪）（壁芯）,2LDK
ＨＡＲＵＭＩ　ＦＬＡＧ　ＳＵＮ　ＶＩＬＬＡＧＥ　Ｆ棟,1億1600万円,東京都中央区晴海５,65.12m2（19.69坪）（壁芯）,2LDK
ＣＡＰＩＴＡＬ　ＧＡＴＥ　ＰＬＡＣＥ　ＴＨＥ　ＴＯＷ…,1億1700万円,東京都中央区月島１,51.76m2（15.65坪）（壁芯）,1LDK
ブリリア日本橋三越前,1億1800万円,東京都中央区日本橋本町３-10-7,58.78m2（17.78坪）（壁芯）,1LDK
ザ・晴海レジデンス,1億1800万円,東京都中央区晴海５,79.2m2（壁芯）,2LDK
ベイサイドタワー晴海,1億1800万円,東京都中央区晴海３-16-1,66.24m2（20.03坪）（壁芯）,3LDK
ザ・パークハウス 晴海タワーズ ティアロレジデンス,1億1800万円,東京都中央区晴海２,59.43m2（17.97坪）（壁芯）,2LDK
Brillia月島四丁目,1億1800万円,東京都中央区月島４,58.4m2（17.66坪）（壁芯）,2LDK
ベイサイドタワー晴海,1億1800万円,東京都中央区晴海３,66.24m2（壁芯）,3LDK
ベイサイドタワー晴海,1億1800万円,東京都中央区晴海３,66.24m2（20.03坪）（壁芯）,3LDK
HARUMI FLAG SUN VILLAGE F棟,1億1800万円,東京都中央区晴海５,65.12m2,2LDK
ザ晴海レジデンス,1億1800万円,東京都中央区晴海５-1-17,79.2m2（23.95坪）（壁芯）,2LDK
ザ・晴海レジデンス,1億1800万円,東京都中央区晴海５-1-17,79.2m2（23.95坪）（壁芯）,2LDK
ザ・晴海レジデンス,1億1800万円,東京都中央区晴海５,79.2m2（23.95坪）（壁芯）,2LDK
ＨＡＲＵＭＩ　ＦＬＡＧ　ＳＵＮ　ＶＩＬＬＡＧＥ　Ｆ棟,1億1800万円,東京都中央区晴海５,65.12m2（壁芯）,2LDK
クレストシティレジデンス,1億1800万円,東京都中央区勝どき５-5-14,77.14m2（23.33坪）（壁芯）,3LDK
ベイサイドタワー晴海,1億1800万円,東京都中央区晴海３,66.24m2（壁芯）,3LDK
ザ・晴海レジデンス,1億1800万円,東京都中央区晴海５,79.2m2,2LDK
ザ・パークハウス日本橋浜町,1億1880万円,東京都中央区日本橋浜町３,56.16m2（16.98坪）（壁芯）,2LDK
クレストフォルム日本橋,1億1880万円,東京都中央区日本橋堀留町２,63.24m2（壁芯）,2LDK+S（納戸）
ＨＡＲＵＭＩ　ＦＬＡＧ　ＳＵＮ　ＶＩＬＬＡＧＥ　Ｅ棟,1億1900万円,東京都中央区晴海５,68.28m2（20.65坪）（壁芯）,2LDK
ベイサイドタワー晴海,1億1900万円,東京都中央区晴海３,55.28m2（16.72坪）（壁芯）,2LDK
ＨＡＲＵМＩ　ＦＬＡＧ　ＳＵＮ　ＶＩＬＬＡＧＥ　Ｅ棟,1億1900万円,東京都中央区晴海５,68.28m2（20.65坪）（壁芯）,2LDK
シャルマン築地明石町,1億1900万円,東京都中央区明石町,94.44m2（壁芯）,2LDK+S（納戸）
パークタワー勝どきミッド,1億1980万円,東京都中央区勝どき４,44.31m2（13.40坪）（壁芯）,1LDK
アーリアシティ日本橋,1億1980万円,東京都中央区日本橋蛎殻町１,60.86m2（壁芯）,2LDK
ＴＨＥ　ＴＯＫＹＯ　ＴＯＷＥＲＳ　ＳＥＡ　ＴＯＷＥＲ,1億1990万円,東京都中央区勝どき６,63.07m2（19.07坪）（壁芯）,1LDK+S（納戸）
CAPITAL　GATE　PLACE　THE　TOW…,1億1999万円,東京都中央区月島１-5-1,51.76m2（15.65坪）（壁芯）,2LDK
ザ・パークハウス日本橋大伝馬町,1億2000万円,東京都中央区日本橋大伝馬町,56.56m2（17.10坪）（壁芯）,2LDK
ザ・パークハウス晴海タワーズティアロレジデンス,1億2000万円,東京都中央区晴海２,63.7m2（壁芯）,2LDK
ザ・パークハウス晴海タワーズティアロレジデンス,1億2000万円,東京都中央区晴海２,58.97m2（17.83坪）（壁芯）,2LDK
ＨＡＲＵＭＩ　ＦＬＡＧ　ＰＡＲＫ　ＶＩＬＬＡＧＥ D…,1億2000万円,東京都中央区晴海５,79.08m2（壁芯）,3LDK
HARUMI FLAG PARK VILLAGE　T…,1億2000万円,東京都中央区晴海５-6-7,47.74m2（壁芯）,1LDK
THE TOYOMI TOWER MARINE＆SK…,1億2000万円,東京都中央区豊海町41,59.61m2（壁芯）,2LDK
サンクタス築地,1億2000万円,東京都中央区築地７,55.69m2（壁芯）,2LDK
ヴェル・クレール勝どき,1億2000万円,東京都中央区勝どき２,60.8m2（壁芯）,2LDK
オーベル月島リバージュグラン,1億2000万円,東京都中央区月島３,71.98m2（21.77坪）,2LDK
HARUMI FLAG SUN VILLAGE TO…,1億2000万円,東京都中央区晴海５,49.38m2（壁芯）,1LDK
パークタワー勝どきミッド,1億2100万円,東京都中央区勝どき４,47.87m2（14.48坪）（登記）,1LDK
パークタワー勝どきミッド,1億2100万円,東京都中央区勝どき４,50.01m2（15.12坪）（壁芯）,1LDK
パークタワー勝どきミッド,1億2100万円,東京都中央区勝どき４,50.01m2（壁芯）,1LDK
パークタワー勝どきミッド,1億2100万円,東京都中央区勝どき４,47.87m2（14.48坪）（壁芯）,1LDK
パークタワー勝どきミッド,1億2100万円,東京都中央区勝どき４,50.01m2（15.12坪）（壁芯）,1LDK
勝どきザ・タワー,1億2280万円,東京都中央区勝どき５,58.28m2（17.62坪）（壁芯）,2LDK
パークタワー勝どきミッド,1億2280万円,東京都中央区勝どき４,50.01m2（壁芯）,1LDK
勝どきビュータワー,1億2300万円,東京都中央区勝どき１,54.68m2（16.54坪）（壁芯）,1LDK
トルナーレ日本橋浜町,1億2300万円,東京都中央区日本橋浜町３,60.16m2（18.19坪）（壁芯）,1LDK
ＨＡＲＵＭＩ　ＦＬＡＧ　ＳＵＮ　ＶＩＬＬＡＧＥ　Ｃ棟,1億2300万円,東京都中央区晴海５,66.64m2（20.15坪）（壁芯）,2LDK
ＨＡＲＵＭＩ　ＦＬＡＧ　ＳＵＮ　ＶＩＬＬＡＧＥ　Ｂ棟,1億2450万円,東京都中央区晴海５,79.17m2（23.94坪）（壁芯）,3LDK
晴海アイランドトリトンスクエアビュータワ1号棟,1億2480万円,東京都中央区晴海１,69.86m2（21.13坪）（壁芯）,2LDK+S（納戸）
ファミール月島グランスイートタワー,1億2500万円,東京都中央区佃２-19-1,59.11m2（17.88坪）,2LDK
パークタワー勝どきサウス,1億2500万円,東京都中央区勝どき４-6,43.95m2（壁芯）,1LDK
HARUMI FLAG PARK VILLAＧE C…,1億2500万円,東京都中央区晴海５,72.46m2（壁芯）,1LDK+S（納戸）
ザ・パークハウス晴海タワーズティアロレジデンス,1億2500万円,東京都中央区晴海２,59.79m2（壁芯）,2LDK
希少なパークビューＨＡＲＵＭＩ　ＦＬＡＧ　ＰＡＲＫ　…,1億2500万円,東京都中央区晴海５,78.56m2（23.76坪）（壁芯）,3LDK+S（納戸）
銀座タワー,1億2500万円,東京都中央区銀座１,87.87m2（壁芯）,2LDK
マイキャッスル月島,1億2500万円,東京都中央区月島１-11-8,87.13m2（26.35坪）（壁芯）,3LDK
ザ・パークハウス晴海タワーズ  クロノレジデンス,1億2500万円,東京都中央区晴海２,63.68m2（壁芯）,2LDK
シティフロントタワー,1億2500万円,東京都中央区佃１,80.52m2（壁芯）,2LDK+S（納戸）
グランスイート八丁堀,1億2780万円,東京都中央区湊２,68.95m2（20.85坪）（壁芯）,3LDK
ライオンズ築地リバーノート,1億2800万円,東京都中央区築地６-18-4,57.25m2（17.31坪）（壁芯）,2LDK
ライオンズ築地リバーノート,1億2800万円,東京都中央区築地６-18-4,57.25m2（17.31坪）（壁芯）,2LDK
パークタワー晴海,1億2800万円,東京都中央区晴海２,67.82m2（壁芯）,2LDK
ザ・パークハウス晴海タワーズ　クロノレジデンス,1億2880万円,東京都中央区晴海２,62.94m2（壁芯）,2LDK
勝どきザ・タワー,1億2900万円,東京都中央区勝どき５,54.94m2（16.61坪）（壁芯）,2LDK
勝どきビュータワー,1億2980万円,東京都中央区勝どき１-8-1,54.68m2（壁芯）,2LDK
プラウド日本橋三越前,1億2980万円,東京都中央区日本橋堀留町１,57.22m2（壁芯）,2LDK
ＨＡＲＵＭＩ　ＦＬＡＧ　ＰＡＲＫ　ＶＩＬＬＡＧＥ　Ｄ…,1億2980万円,東京都中央区晴海５,79.08m2（23.92坪）（壁芯）,3LDK
勝どきビュータワー,1億2980万円,東京都中央区勝どき１,54.68m2,1LDK
ドゥ・トゥール　ＥＡＳＴ,1億2980万円,東京都中央区晴海３,55.77m2（16.87坪）（壁芯）,2LDK
ドゥトゥールウエストタワー,1億3000万円,東京都中央区晴海３-13-2,64.59m2（19.53坪）,2LDK
スカイライトタワー,1億3000万円,東京都中央区佃１,72.7m2（21.99坪）（壁芯）,2LDK
ドゥトゥール・ウエストタワー41階,1億3000万円,東京都中央区晴海３,64.59m2（壁芯）,1LDK
ドゥトゥールウエスト,1億3000万円,東京都中央区晴海３-13-2,64.59m2（壁芯）,1LDK
サンウッド東京茅場町パークフロント,1億3000万円,東京都中央区新川１,62.81m2（18.99坪）（壁芯）,2LDK
パークタワー晴海,1億3000万円,東京都中央区晴海２,72.77m2（壁芯）,2LDK
グリーンパーク日本橋堀留町,1億3000万円,東京都中央区日本橋堀留町２,71.1m2（壁芯）,3LDK
インプレスト東京八丁堀ル・サンク,1億3000万円,東京都中央区八丁堀３,58.83m2（壁芯）,2LDK
パークタワー晴海,1億3200万円,東京都中央区晴海２,73.56m2（22.25坪）（壁芯）,3LDK
パークタワー晴海,1億3280万円,東京都中央区晴海２,67.82m2（20.51坪）（壁芯）,3LDK
クレストシティレジデンス,1億3300万円,東京都中央区勝どき５-5-14,81.96m2（壁芯）,3LDK
パークホームズ日本橋時の鐘通り,1億3300万円,東京都中央区日本橋本町４,56.69m2（17.14坪）（壁芯）,2LDK
パークホームズ日本橋時の鐘通り,1億3300万円,東京都中央区日本橋本町４,56.69m2（壁芯）,2LDK
パークホームズ日本橋時の鐘通り,1億3300万円,東京都中央区日本橋本町４,56.69m2（17.14坪）（壁芯）,2LDK
ザ・パークハウス晴海タワーズティアロレジデンス,1億3320万円,東京都中央区晴海２,70.89m2（21.44坪）（壁芯）,3LDK
HARUMI FLAG SUN VILLAGE E棟,1億3380万円,東京都中央区晴海５,84.76m2（壁芯）,4LDK
マイキャッスルリバーフロントタワー銀座東,1億3480万円,東京都中央区明石町7-8,75.91m2（壁芯）,3LDK
ザ・パークハウス晴海タワーズティアロレジデンス,1億3480万円,東京都中央区晴海２-3-2,65.54m2（壁芯）,2LDK
パークタワー晴海,1億3500万円,東京都中央区晴海２-2-42,68.42m2（壁芯）,2LDK+S（納戸）
ザ・パークハウス　晴海タワーズ　ティアロレジデンス,1億3500万円,東京都中央区晴海２,73.66m2（壁芯）,3LDK
ザ・パークハウス晴海タワーズ　ティアロレジデンス,1億3500万円,東京都中央区晴海２,73.66m2（22.28坪）（壁芯）,3LDK
グランスイート八丁堀,1億3500万円,東京都中央区湊２,68.95m2（20.85坪）（壁芯）,3LDK
ドゥ・トゥール,1億3500万円,東京都中央区晴海３,58.06m2（17.56坪）（壁芯）,2LDK
ベイサイドタワー晴海,1億3500万円,東京都中央区晴海３,72.4m2（21.90坪）（壁芯）,3LDK
パークハウスエスプラナード,1億3580万円,東京都中央区新川２,71.2m2（21.53坪）（壁芯）,2LDK
プレミスト日本橋浜町公園,1億3680万円,東京都中央区日本橋浜町２,65.1m2（19.69坪）（壁芯）,3LDK
ドゥトゥール・イースト,1億3760万円,東京都中央区晴海３,64.59m2（壁芯）,2LDK+S（納戸）
DEUX TOURS CANAL&SPA EAST,1億3760万円,東京都中央区晴海３-13-1,64.59m2（壁芯）,2LDK
ドゥ・トゥール　EAST棟,1億3760万円,東京都中央区晴海３-13-1,64.59m2（19.53坪）（壁芯）,2LDK
DEUX TOURS(ドゥ・トゥール),1億3760万円,東京都中央区晴海３,64.59m2,2LDK
ドゥ・トゥール EAST,1億3800万円,東京都中央区晴海３,70.7m2（壁芯）,2LDK
グラーサ東京イースト,1億3800万円,東京都中央区新川２,67.14m2（20.30坪）（壁芯）,3LDK
グラーサ東京イースト,1億3800万円,東京都中央区新川２,67.24m2（壁芯）,3LDK
ベイサイドタワー晴海,1億3800万円,東京都中央区晴海３,72.4m2（21.90坪）（壁芯）,3LDK
グラーサ東京イースト,1億3800万円,東京都中央区新川２,67.24m2（壁芯）,3LDK
グラーサ東京イースト,1億3800万円,東京都中央区新川２,67.24m2（20.34坪）（壁芯）,3LDK
センチュリーパークタワー28階,1億3800万円,東京都中央区佃２,71.44m2（壁芯）,2LDK+S（納戸）
ＤＥＵＸ　ＴＯＵＲＳ　　　　　　　　　ＣＡＮＡＬ＆Ｓ…,1億3800万円,東京都中央区晴海３,54.31m2（16.42坪）（壁芯）,1LDK
ザ・パークハウス晴海タワーズクロノレジデンス,1億3800万円,東京都中央区晴海２,66.95m2（20.25坪）（壁芯）,2LDK
グラーサ東京イースト,1億3800万円,東京都中央区新川２,67.24m2（20.34坪）（壁芯）,1DK+2S（納戸）
ドゥ・トゥール,1億3800万円,東京都中央区晴海３,64.59m2（19.53坪）,2LDK
グラーサ東京イースト,1億3800万円,東京都中央区新川２-15-3,67.24m2（20.34坪）（壁芯）,3LDK
グラーサ東京イースト,1億3800万円,東京都中央区新川２,67.24m2（壁芯）,3LDK
パークタワー勝どきミッド,1億3800万円,東京都中央区勝どき４,50.08m2（15.14坪）（壁芯）,1LDK
DEUX　TOURS　CANAL＆SPA　EAST　…,1億3800万円,東京都中央区晴海３,64.59m2（壁芯）,2LDK+S（納戸）
ドゥ・トゥール,1億3800万円,東京都中央区晴海３,70.7m2（21.38坪）（壁芯）,3LDK
ドゥ・トゥール　イースト,1億3800万円,東京都中央区晴海３-13-1,64.59m2（壁芯）,2LDK
ザ・パークハウス晴海タワーズティアロレジデンス,1億3850万円,東京都中央区晴海２-3-2,60.67m2（18.35坪）,2LDK
ザ・パークハウス晴海タワーズティアロレジデンス,1億3850万円,東京都中央区晴海２-３－２,60.67m2（18.35坪）,2LDK
ザ・パークハウス晴海タワーズティアロレジデンス,1億3850万円,東京都中央区晴海２,60.67m2（18.35坪）（壁芯）,2LDK
ザ・パークハウス晴海タワーズ ティアロレジデンス,1億3850万円,東京都中央区晴海２,60.67m2（壁芯）,2LDK
ザ・パークハウス晴海タワーズ　ティアロレジデンス,1億3850万円,東京都中央区晴海２,60.67m2（18.35坪）（壁芯）,2LDK
ソフィアタワー勝どき,1億3889万円,東京都中央区勝どき３,90m2（27.22坪）（壁芯）,3LDK
CityHouse東京八重洲通り,1億3900万円,東京都中央区新川２,67.88m2（壁芯）,3LDK
ファミール日本橋ブルー・クレール,1億3900万円,東京都中央区日本橋大伝馬町,76.52m2（23.14坪）（壁芯）,2LDK
シティハウス東京八重洲通り,1億3900万円,東京都中央区新川２,67.88m2（壁芯）,3LDK
シティハウス東京八重洲通り,1億3900万円,東京都中央区新川２,67.88m2（壁芯）,3LDK
シティタワー銀座東,1億3950万円,東京都中央区湊２,56.06m2（16.95坪）（壁芯）,2LDK
ＴＨＥ　ＴＯＫＹＯ　ＴＯＷＥＲＳ　ＭＩＤ　ＴＯＷＥＲ,1億3960万円,東京都中央区勝どき６,70.78m2（21.41坪）（壁芯）,2LDK
アイ・マークタワー,1億3980万円,東京都中央区月島１,88.26m2（26.69坪）（壁芯）,1LDK
晴海アイランドトリトンスクエアビュータワー,1億3980万円,東京都中央区晴海１,69.86m2（21.13坪）（壁芯）,2LDK+S（納戸）
ＨＡＲＵＭＩ　ＦＬＡＧ　ＰＡＲＫ　ＶＩＬＬＡＧＥ　Ｃ…,1億3980万円,東京都中央区晴海５,83.44m2（25.24坪）（壁芯）,3LDK
ＨＡＲＵＭＩ　ＦＬＡＧ　ＰＡＲＫ　ＶＩＬＬＡＧＥ　Ｃ…,1億3980万円,東京都中央区晴海５,78.56m2（23.76坪）（壁芯）,3LDK
ドゥ・トゥール　ＷＥＳＴ,1億3980万円,東京都中央区晴海３,65.25m2（19.73坪）（壁芯）,2LDK
パークシティ中央湊ザ・タワー,1億4000万円,東京都中央区湊２,53.69m2（壁芯）,2LDK
クレストシティレジデンス,1億4000万円,東京都中央区勝どき５,80.86m2（壁芯）,3LDK
パークホームズ日本橋本町,1億4180万円,東京都中央区日本橋本町４,56.93m2（17.22坪）（壁芯）,2LDK
ザ・パークハウス晴海タワーズティアロレジデンス,1億4200万円,東京都中央区晴海２,57.65m2（17.43坪）（壁芯）,2LDK
ザ・クレストタワー,1億4280万円,東京都中央区佃２-11-6,78.57m2（23.76坪）（壁芯）,3LDK
ＨＡＲＵＭＩ　ＦＬＡＧ　ＰＡＲＫ　ＶＩＬＬＡＧＥ　Ｂ…,1億4280万円,東京都中央区晴海５,78.83m2（23.84坪）（壁芯）,3LDK
ドゥ・トゥール　ウエスト,1億4280万円,東京都中央区晴海３,56.48m2（17.08坪）（壁芯）,2LDK
HARUMI　FLAG　PARK　VILLAGE　C…,1億4280万円,東京都中央区晴海５,87.43m2（壁芯）,3LDK
ＴＨＥ　ＴＯＫＹＯ　ＴＯＷＥＲＳ　ＳＥＡ　ＴＯＷＥＲ,1億4290万円,東京都中央区勝どき６,73.26m2（22.16坪）（壁芯）,2LDK
THE TOKYO TOWERS SEA TOWER,1億4290万円,東京都中央区勝どき６,73.26m2（22.16坪）（壁芯）,2LDK
THE　TOKYO　TOWERS　SEA TOWER,1億4290万円,東京都中央区勝どき６,73.26m2,2LDK
アイ・マークタワー（Ｉ－ＭＡＲＫ　ＴＯＷＥＲ）,1億4300万円,東京都中央区月島１,89.83m2（27.17坪）（壁芯）,2LDK
パークタワー晴海,1億4420万円,東京都中央区晴海２,69.25m2（20.94坪）（壁芯）,2LDK
パークホームズ日本橋時の鐘通り,1億4450万円,東京都中央区日本橋本町４,59.48m2（17.99坪）（壁芯）,2LDK
パークホームズ日本橋時の鐘通り,1億4450万円,東京都中央区日本橋本町４,59.48m2（17.99坪）（壁芯）,2LDK
グランスイート八丁堀,1億4480万円,東京都中央区湊２,74.04m2（壁芯）,3LDK
パークタワー勝どきミッド,1億4500万円,東京都中央区勝どき４,50.01m2（15.12坪）（壁芯）,1LDK
藤和シティホームズ日本橋イースト,1億4500万円,東京都中央区東日本橋２,86.55m2（壁芯）,3LDK
ザ・パークハウス晴海タワーズクロノレジデンス,1億4580万円,東京都中央区晴海２,74.23m2（22.45坪）（壁芯）,3LDK
勝どきザ・タワー,1億4680万円,東京都中央区勝どき５,69.58m2（21.04坪）（壁芯）,2LDK
THE TOKYO TOWERS MIDTOWER,1億4800万円,東京都中央区勝どき６-3-2,73.94m2（22.36坪）（壁芯）,2LDK
シティタワー銀座東,1億4800万円,東京都中央区湊２,57.5m2（壁芯）,1LDK
THE TOKYO TOWERS SEA TOWER,1億4800万円,東京都中央区勝どき６,73.26m2（壁芯）,2LDK
パークタワー晴海,1億4800万円,東京都中央区晴海２-２－４２,69.25m2（20.94坪）,3LDK
ザ・パークハウス晴海タワーズティアロレジデンス,1億4880万円,東京都中央区晴海２-3-2,63.7m2（壁芯）,1LDK
パークタワー晴海,1億4880万円,東京都中央区晴海２,62.23m2（18.82坪）（壁芯）,2LDK+S（納戸）
ＨＡＲＵＭＩ　ＦＬＡＧ　ＳＵＮ　ＶＩＬＬＡＧＥ　Ｂ棟,1億4900万円,東京都中央区晴海５,72.88m2（22.04坪）（壁芯）,3LDK
パークタワー晴海,1億4980万円,東京都中央区晴海２,63.1m2（19.08坪）（壁芯）,2LDK
勝どきビュータワー,1億4980万円,東京都中央区勝どき１-8-1,65.74m2（19.88坪）（壁芯）,1LDK
ドゥトゥールイースト,1億4980万円,東京都中央区晴海３,70.98m2（壁芯）,2LDK
パークタワー勝どきサウス,1億4980万円,東京都中央区勝どき４,57.12m2（壁芯）,1LDK+S（納戸）
ＨＡＲＵＭＩ　ＦＬＡＧ　ＰＡＲＫ　ＶＩＬＬＡＧＥ　Ｅ…,1億4980万円,東京都中央区晴海５,83.39m2（25.22坪）（壁芯）,3LDK
パークタワー勝どきサウス,1億4980万円,東京都中央区勝どき４,57.12m2（17.27坪）（壁芯）,1LDK+S（納戸）
HARUMI FLAG PARK　VILLAGE,1億4980万円,東京都中央区晴海５,88.68m2（壁芯）,3LDK
Ｄｅｕｘ　Ｔｏｕｒｓ　Ｃａｎａｌ　＆　Ｓｐａ　ＥＡＳ…,1億4980万円,東京都中央区晴海３,64.59m2（19.53坪）（壁芯）,2LDK
Deux Tours Canal & Spa EAS…,1億4980万円,東京都中央区晴海３,64.59m2（壁芯）,2LDK
ブリリアウェリス月島,1億4990万円,東京都中央区月島１,74.8m2（壁芯）,2LDK
パークタワー勝どきサウス,1億5000万円,東京都中央区勝どき４,57.12m2（壁芯）,1LDK+S（納戸）
ＣＡＰＩＴＡＬ　ＧＡＴＥ　ＰＬＡＣＥ　ＴＨＥ　ＲＥＳ…,1億5000万円,東京都中央区月島１,65.51m2（19.81坪）（壁芯）,2LDK
シティタワー銀座東,1億5000万円,東京都中央区湊２,55.9m2（壁芯）,2LDK
パークタワー勝どきサウス,1億5000万円,東京都中央区勝どき４,57.12m2（17.27坪）（壁芯）,1LDK+S（納戸）
パークタワー勝どきサウス,1億5000万円,東京都中央区勝どき４,57.12m2（17.27坪）（壁芯）,1LDK+S（納戸）
勝どきビュータワー,1億5100万円,東京都中央区勝どき１,54.68m2（壁芯）,2LDK
パークタワー勝どきサウス,1億5200万円,東京都中央区勝どき４,57.13m2（壁芯）,2LDK
ドゥ・トゥール,1億5200万円,東京都中央区晴海３,72.95m2（22.06坪）（壁芯）,3LDK
ＨＡＲＵＭＩ　ＦＬＡＧ　ＰＡＲＫ　ＶＩＬＬＡＧＥ　Ｂ…,1億5280万円,東京都中央区晴海５,86.53m2（26.17坪）（壁芯）,3LDK
ＴＨＥ　ＴＯＫＹＯ　ＴＯＷＥＲＳ　ＭＩＤ　ＴＯＷＥＲ,1億5300万円,東京都中央区勝どき６-3-2,65.14m2（19.70坪）（壁芯）,1LDK+S（納戸）
THE TOKYO TOWERS MID TOWER,1億5300万円,東京都中央区勝どき６,65.14m2（19.70坪）（壁芯）,1LDK+S（納戸）
THETOKYOTOWERS MIDTOWER,1億5300万円,東京都中央区勝どき６,65.14m2（壁芯）,1LDK+S（納戸）
THE TOKYO TOWERS MID TOWER,1億5300万円,東京都中央区勝どき６-3-2,65.14m2（19.70坪）（壁芯）,1LDK+S（納戸）
THE TOKYO TOWERS MID TOWER,1億5300万円,東京都中央区勝どき６,65.14m2（19.70坪）（壁芯）,1LDK+S（納戸）
ＴＨＥ　ＴＯＫＹＯ　ＴＯＷＥＲＳ　ＭＩＤ　ＴＯＷＥＲ,1億5300万円,東京都中央区勝どき６-3-2,65.14m2,1LDK+S（納戸）
ＴＨＥ　ＴＯＫＹＯ　ＴＯＷＥＲＳ　ＭＩＤ　ＴＯＷＥＲ,1億5300万円,東京都中央区勝どき６,65.14m2（19.70坪）（壁芯）,1LDK+S（納戸）
THE TOKYO TOWERS MID TOWER,1億5300万円,東京都中央区勝どき６,65.14m2（壁芯）,1LDK+S（納戸）
THE　TOKYO　TOWERS　MID　TOWER,1億5300万円,東京都中央区勝どき６,65.14m2,1LDK+S（納戸）
ライオンズタワー月島,1億5400万円,東京都中央区佃２,86.38m2（壁芯）,3LDK
ライオンズタワー月島,1億5400万円,東京都中央区佃２,86.38m2（壁芯）,3LDK+S（納戸）
THE TOKYO TOWERS MIDTOWER〔…,1億5450万円,東京都中央区勝どき６,70.78m2（壁芯）,2LDK
ＨＡＲＵＭＩ　ＦＬＡＧ　ＰＡＲＫ　ＶＩＬＬＡＧＥ　Ｅ…,1億5480万円,東京都中央区晴海５,86.85m2（26.27坪）（壁芯）,3LDK
勝どきザ・タワー,1億5480万円,東京都中央区勝どき５,76.14m2（壁芯）,3LDK
ドゥ・トゥール（ＤＥＵＸ　ＴＯＵＲＳ）,1億5500万円,東京都中央区晴海３,70.98m2（21.47坪）（壁芯）,2LDK
ドゥ・トゥール　ウエスト,1億5500万円,東京都中央区晴海３,70.7m2（21.38坪）（壁芯）,3LDK
ＴＨＥ　ＴＯＫＹＯ　ＴＯＷＥＲＳ　ＭＩＤ　ＴＯＷＥＲ,1億5580万円,東京都中央区勝どき６,80.23m2（24.26坪）（壁芯）,2LDK
ＴＨＥ　ＴＯＫＹＯ　ＴＯＷＥＲＳ　ＭＩＤ　ＴＯＷＥＲ,1億5600万円,東京都中央区勝どき６,65.14m2,1LDK+S（納戸）
THE TOKYO TOWERS MID TOWER,1億5600万円,東京都中央区勝どき６,65.14m2,1LDK+S（納戸）
THE TOKYO TOWERS MID TOWER,1億5600万円,東京都中央区勝どき６,65.14m2（壁芯）,1LDK+S（納戸）
THE TOKYO TOWERS MID TOWER,1億5600万円,東京都中央区勝どき６,65.14m2（19.70坪）（壁芯）,1LDK+S（納戸）
ＴＨＥ　ＴＯＫＹＯ　ＴＯＷＥＲＳ　ミッドタワー,1億5600万円,東京都中央区勝どき６,65.14m2（19.70坪）（壁芯）,1LDK
THE TOKYO TOWERSミッドタワー,1億5600万円,東京都中央区勝どき６,65.14m2（19.70坪）（壁芯）,1LDK+S（納戸）
ＴＨＥ　ＴＯＫＹＯ　ＴＯＷＥＲＳ　ＭＩＤ　ＴＯＷＥＲ,1億5600万円,東京都中央区勝どき６,65.14m2（壁芯）,1LDK+S（納戸）
THE TOKYO TOWERS MID TOWER,1億5600万円,東京都中央区勝どき６,65.14m2（壁芯）,1LDK+S（納戸）
ＴＨＥ　ＴＯＫＹＯ　ＴＯＷＥＲＳ　ＭＩＤ　ＴＯＷＥＲ,1億5600万円,東京都中央区勝どき６,65.14m2（壁芯）,1LDK+S（納戸）
THE　TOKYO　TOWERS　MID　TOWER,1億5600万円,東京都中央区勝どき６,65.14m2（19.70坪）（壁芯）,1LDK+S（納戸）
ザ・豊海タワー　マリン＆スカイ　ウエストウイング,1億5600万円,東京都中央区豊海町,80.4m2（壁芯）,3LDK+S（納戸）
ＴＨＥ　ＴＯＫＹＯ　ＴＯＷＥＲＳ　ＭＩＤ　ＴＯＷＥＲ,1億5600万円,東京都中央区勝どき６,65.14m2（19.70坪）（壁芯）,1LDK+S（納戸）
ＴＨＥ　ＴＯＫＹＯ　ＴＯＷＥＲＳ　ＭＩＤ　ＴＯＷＥＲ,1億5600万円,東京都中央区勝どき６,65.14m2（壁芯）,1LDK+S（納戸）
ＴＨＥ　ＴＯＫＹＯ　ＴＯＷＥＲＳ　ＭＩＤ　ＴＯＷＥＲ,1億5600万円,東京都中央区勝どき６,65.14m2（19.70坪）（壁芯）,1LDK+S（納戸）
THETOKYOTOWERSMIDTOWERS,1億5600万円,東京都中央区勝どき６-3-2,65.14m2（壁芯）,1LDK+S（納戸）
ザ・パークハウス晴海タワーズ クロノレジデンス,1億5700万円,東京都中央区晴海２,74.23m2（壁芯）,2LDK
ザ・パークハウス晴海タワーズ　クロノレジデンス,1億5800万円,東京都中央区晴海２-3-30,70.72m2（壁芯）,3LDK
ザ・パークハウス晴海タワーズ クロノレジデンス,1億5800万円,東京都中央区晴海２-3-30,70.72m2（壁芯）,3LDK
ザ・パークハウス晴海タワーズ　クロノレジデンス,1億5800万円,東京都中央区晴海２,70.72m2（21.39坪）（壁芯）,3LDK
ザ・パークハウス晴海タワーズ　クロノレジデンス,1億5800万円,東京都中央区晴海２,70.72m2（21.39坪）（壁芯）,3LDK
ザ・パークハウス晴海タワーズ　クロノレジデンス,1億5800万円,東京都中央区晴海２-3-30,70.72m2（21.39坪）（壁芯）,3LDK
ザ・パークハウス晴海タワーズクロノレジデンス,1億5800万円,東京都中央区晴海２-３－３０,70.72m2（21.39坪）（壁芯）,3LDK
ザ・パークハウス晴海タワーズクロノレジデンス,1億5800万円,東京都中央区晴海２,70.72m2（壁芯）,3LDK
パークタワー勝どきサウス,1億5800万円,東京都中央区勝どき４,60.25m2（18.22坪）（壁芯）,2LDK
ザ・パークハウス晴海タワーズクロノレジデンス,1億5800万円,東京都中央区晴海２,70.72m2（21.39坪）（壁芯）,3LDK+S（納戸）
ザ・パークハウス晴海タワーズクロノレジデンス,1億5800万円,東京都中央区晴海２,70.72m2（21.39坪）（壁芯）,3LDK
ザ・パークハウス晴海タワーズクロノレジデンス,1億5800万円,東京都中央区晴海２,70.72m2（21.39坪）（壁芯）,3LDK
ＨＡＲＵＭＩ　ＦＬＡＧ　ＰＡＲＫ　ＶＩＬＬＡＧＥ　Ｂ…,1億5800万円,東京都中央区晴海５,78.85m2（壁芯）,3LDK
ザ・パークハウス晴海タワーズ　クロノレジデンス,1億5800万円,東京都中央区晴海２,70.72m2（壁芯）,3LDK
ドゥ・トゥール　ＥＡＳＴ,1億5880万円,東京都中央区晴海３,70.98m2（21.47坪）（壁芯）,2LDK
パークタワー晴海,1億5980万円,東京都中央区晴海２-2-42,73.06m2（壁芯）,2LDK+S（納戸）
ザ・パークハウス晴海タワーズ　ティアロレジデンス,1億5980万円,東京都中央区晴海２,64.55m2（19.52坪）（壁芯）,2LDK
ＨＡＲＵＭＩ　ＦＬＡＧ　ＰＡＲＫ　ＶＩＬＬＡＧＥ　Ｅ…,1億5980万円,東京都中央区晴海５,84.21m2（25.47坪）（壁芯）,3LDK
ＴＨＥ　ＴＯＫＹＯ　ＴＯＷＥＲＳ,1億5980万円,東京都中央区勝どき６,70.16m2（壁芯）,2LDK
センチュリーパークタワー,1億5990万円,東京都中央区佃２-１-１,73.03m2（22.09坪）（壁芯）,2LDK
センチュリーパークタワー,1億5990万円,東京都中央区佃２,73.03m2（壁芯）,2LDK
THE TOKYO TOWERS MID TOWER,1億6000万円,東京都中央区勝どき６-3-2,65.14m2（19.70坪）（壁芯）,2LDK
THE TOKYO TOWERS MID TOWER,1億6000万円,東京都中央区勝どき６,65.14m2（19.70坪）（壁芯）,1LDK+S（納戸）
HARUMI FLAG SUNVILLAGE T棟,1億6000万円,東京都中央区晴海５-5,74.12m2（壁芯）,3LDK
ザ・パークハウス築地入船,1億6000万円,東京都中央区入船２,73.56m2（壁芯）,3LDK
HARUMI FLAG SUN VILLAGE B棟,1億6200万円,東京都中央区晴海５-5-2,75.8m2（壁芯）,3LDK
HARUMI FLAG SUN VILLAGE B棟,1億6200万円,東京都中央区晴海５-5-2,75.8m2（22.92坪）（壁芯）,3LDK
ＨＡＲＵＭＩ　ＦＬＡＧ　ＳＵＮ　ＶＩＬＬＡＧＥ　Ｂ棟,1億6200万円,東京都中央区晴海５,75.8m2（壁芯）,3LDK
ＳＵＮ　ＶＩＬＬＡＧＥ　Ｂ棟,1億6200万円,東京都中央区晴海５,75.8m2（22.92坪）（壁芯）,3LDK
HARUMI FLAG SUN VILLAGE　B棟,1億6200万円,東京都中央区晴海５,75.8m2（22.92坪）（壁芯）,3LDK
HARUMI FLAG SUN VILLAGE B棟,1億6200万円,東京都中央区晴海５,75.8m2（22.92坪）（壁芯）,3LDK
シティフロントタワー,1億6300万円,東京都中央区佃１,101.62m2（30.73坪）（壁芯）,2LDK
HARUMI FLAG SUNVILLAGE T棟,1億6300万円,東京都中央区晴海５-5,74.12m2（壁芯）,3LDK
HARUMIFLAG　SUN VILLAGE　T棟,1億6300万円,東京都中央区晴海５-5,71.51m2（壁芯）,3LDK
勝どき　ザ・タワー,1億6400万円,東京都中央区勝どき５,79.84m2（壁芯）,3LDK
勝どきザ・タワー,1億6400万円,東京都中央区勝どき５,79.84m2（24.15坪）（壁芯）,3LDK
勝どきザ・タワー,1億6400万円,東京都中央区勝どき５,79.84m2（壁芯）,3LDK
勝どきザ・タワー,1億6400万円,東京都中央区勝どき５,79.84m2（24.15坪）（壁芯）,3LDK
ＨＡＲＵＭＩ　ＦＬＡＧ　ＳＥＡ　ＶＩＬＬＡＧＥ　Ｅ棟,1億6400万円,東京都中央区晴海５,85.73m2（25.93坪）（壁芯）,3LDK
勝どきザ・タワー,1億6400万円,東京都中央区勝どき５-3-1,79.84m2（24.15坪）（壁芯）,3LDK
ザ・パークハウス晴海タワーズクロノレジデンス,1億6480万円,東京都中央区晴海２,73.35m2（22.18坪）（壁芯）,2LDK+S（納戸）
パークタワー勝どきサウス,1億6480万円,東京都中央区勝どき４,56.71m2（17.15坪）（壁芯）,2LDK
ドゥ・トゥール,1億6480万円,東京都中央区晴海３,70.7m2（壁芯）,2LDK
プラウド銀座東レジデンス,1億6480万円,東京都中央区明石町,58.05m2（17.56坪）（壁芯）,2LDK
パークタワー勝どきサウス,1億6480万円,東京都中央区勝どき４,56.71m2（壁芯）,2LDK
センチュリーパークタワー,1億6490万円,東京都中央区佃２,73.03m2（壁芯）,2LDK
センチュリーパークタワー,1億6490万円,東京都中央区佃２,73.03m2,2LDK
DEUX TOURS CANAL&SPA EAST …,1億6500万円,東京都中央区晴海３,64.59m2（壁芯）,2LDK
DEUX TOURS（ドゥ・トゥール） CANAL&…,1億6500万円,東京都中央区晴海３-13-1,70.7m2（壁芯）,3LDK+S（納戸）
ドゥ・トゥール　ウエスト,1億6500万円,東京都中央区晴海３,70.7m2（21.38坪）（壁芯）,2LDK
ザ・パークハウス晴海タワーズクロノレジデンス,1億6580万円,東京都中央区晴海２,84.33m2（25.50坪）（壁芯）,3LDK
ＨＡＲＵＭＩ　ＦＬＡＧ　ＳＥＡ　ＶＩＬＬＡＧＥ,1億6800万円,東京都中央区晴海５,85.37m2（25.82坪）（壁芯）,3LDK
ＨＡＲＵＭＩ　ＦＬＡＧ　ＰＡＲＫ　ＶＩＬＬＡＧＥ　Ａ…,1億6800万円,東京都中央区晴海５,86.55m2（26.18坪）,3LDK
HARUMIFLAG PARKVILLAGE　B棟,1億6800万円,東京都中央区晴海５,78.85m2（23.85坪）（壁芯）,3LDK
晴海フラッグPARK VILLAGE B棟,1億6800万円,東京都中央区晴海５,78.85m2（壁芯）,3LDK
KACHIDOKI THE TOWER 　勝どきザ・…,1億6800万円,東京都中央区勝どき５,78.02m2（壁芯）,3LDK+S（納戸）
ドゥ・トゥール,1億6800万円,東京都中央区晴海３,70.98m2（21.47坪）（壁芯）,2LDK
ドゥ・トゥール,1億6800万円,東京都中央区晴海３,70.98m2（21.47坪）（壁芯）,2LDK
晴海フラッグ PARK VILLAGE B棟,1億6800万円,東京都中央区晴海５,78.85m2（23.85坪）（壁芯）,3LDK
晴海フラッグPARKVILLAGE B棟,1億6800万円,東京都中央区晴海５,78.85m2（23.85坪）,3LDK
HARUMI FLAG PARK VILLAGE A…,1億6980万円,東京都中央区晴海５,86.55m2（壁芯）,3LDK
ブランズ明石町,1億6980万円,東京都中央区明石町,71.32m2（壁芯）,2LDK
HARUMI FLAG PARK VILLAGE S…,1億6980万円,東京都中央区晴海５,70.06m2（壁芯）,3LDK
パークタワー晴海,1億7000万円,東京都中央区晴海２,71.42m2（21.60坪）（壁芯）,3LDK
シティタワー銀座東,1億7000万円,東京都中央区湊２,72.63m2（21.97坪）（壁芯）,3LDK
THE　TOKYO　TOWERS　MID　TOWER,1億7280万円,東京都中央区勝どき６,88.14m2（26.66坪）（壁芯）,2LDK
ザ・パークハウス晴海タワーズ　ティアロレジデンス,1億7280万円,東京都中央区晴海２,73.48m2（22.22坪）（壁芯）,3LDK
ＭＩＤ　ＴＯＷＥＲ　ＧＲＡＮＤ,1億7280万円,東京都中央区月島１,66.83m2（壁芯）,2LDK
シティタワー銀座東,1億7480万円,東京都中央区湊２,72.63m2（21.97坪）（壁芯）,2LDK
シティタワー銀座東,1億7500万円,東京都中央区湊２,72.63m2（21.97坪）（壁芯）,2LDK
プラウド銀座東レジデンス,1億7500万円,東京都中央区明石町,73.22m2（22.14坪）,2LDK
ドゥ・トゥール　WEST,1億7500万円,東京都中央区晴海３-13-2,70.7m2（壁芯）,2LDK
プラウド銀座東レジデンス,1億7500万円,東京都中央区明石町,73.22m2,2LDK
HARUMI FLAG SUNVILLAGE T棟,1億7500万円,東京都中央区晴海５-5,74.12m2（壁芯）,3LDK
ＨＡＲＵＭＩ　ＦＬＡＧ　ＳＥＡ　ＶＩＬＬＡＧＥ　Ｅ棟,1億7500万円,東京都中央区晴海５,85.73m2（壁芯）,2LDK+S（納戸）
シティタワー銀座東,1億7500万円,東京都中央区湊２,72.63m2（21.97坪）（壁芯）,2LDK
ドゥトゥール,1億7500万円,東京都中央区晴海３,70.98m2（21.47坪）（壁芯）,2LDK
ＭＩＤ　ＴＯＷＥＲ　ＧＲＡＮＤ,1億7700万円,東京都中央区月島１,65.02m2（壁芯）,2LDK
THE　TOKYO　TOWERS　MIDTOWER,1億7800万円,東京都中央区勝どき６,88.14m2（壁芯）,2LDK
ザ・パークハウス晴海タワーズティアロレジデンス,1億7800万円,東京都中央区晴海２,78.62m2（壁芯）,2LDK
ザ・パークハウス晴海タワーズクロノレジデンス,1億7900万円,東京都中央区晴海２,79.54m2（壁芯）,3LDK
ザ・バ－クハウス晴海タワ－ズクロノレジデンス,1億7900万円,東京都中央区晴海２,79.54m2（24.06坪）（壁芯）,3LDK
ドゥ・トゥール,1億7900万円,東京都中央区晴海３,70.98m2（壁芯）,2LDK
ザ・パークハウス晴海タワーズクロノレジデンス,1億7900万円,東京都中央区晴海２,79.54m2,3LDK
ドゥ・トゥール WEST棟,1億7950万円,東京都中央区晴海３-13-2,70.7m2（壁芯）,2LDK+S（納戸）
THE TOKYO TOWERS 東京タワーズSEA,1億7980万円,東京都中央区勝どき６-3-1,82.78m2（壁芯）,3LDK
ＨＡＲＵＭＩ　ＦＬＡＧ　ＳＥＡ　ＶＩＬＬＡＧＥ　Ａ棟,1億7980万円,東京都中央区晴海５,90.67m2（壁芯）,3LDK
シティフロントタワー,1億8000万円,東京都中央区佃１,113.38m2（34.29坪）（壁芯）,1LDK
パークタワー晴海,1億8000万円,東京都中央区晴海２,72.86m2（壁芯）,3LDK
HARUMI FLAG SUNVILLAGE T棟,1億8000万円,東京都中央区晴海５-5,76.75m2（壁芯）,3LDK
ドゥ・トゥール　ＷＥＳＴ,1億8180万円,東京都中央区晴海３,70.7m2（21.38坪）（壁芯）,3LDK
パークタワー晴海,1億8500万円,東京都中央区晴海２,82.27m2（壁芯）,2LDK
パークタワー晴海　仲介手数料割引キャンペーン実施中♪,1億8500万円,東京都中央区晴海２,82.27m2（壁芯）,2LDK
パークタワー晴海,1億8500万円,東京都中央区晴海２,82.27m2,2LDK
パークタワー晴海,1億8500万円,東京都中央区晴海２,71.42m2（21.60坪）（壁芯）,3LDK
パークタワー晴海,1億8500万円,東京都中央区晴海２,82.27m2,2LDK
勝どきビュータワー,1億8500万円,東京都中央区勝どき１,67.04m2（20.27坪）（壁芯）,2LDK
パークタワー晴海,1億8500万円,東京都中央区晴海２,82.27m2（壁芯）,2LDK
ドゥ・トゥール　イースト,1億8500万円,東京都中央区晴海３,70.98m2（21.47坪）（壁芯）,2LDK
スカイライトタワー,1億8800万円,東京都中央区佃１,90m2（27.22坪）（壁芯）,2LDK
■パークタワー勝どきミッド～駅直結～■,1億8800万円,東京都中央区勝どき４,64m2（壁芯）,2LDK
パークタワー晴海,1億8800万円,東京都中央区晴海２-2-42,70.84m2（21.42坪）,3LDK
パークタワー勝どきミッド,1億8800万円,東京都中央区勝どき４,64m2（19.35坪）（壁芯）,2LDK
パークタワー晴海,1億8800万円,東京都中央区晴海２,70.84m2（21.42坪）（壁芯）,3LDK
プレミスト日本橋浜町公園,1億8800万円,東京都中央区日本橋浜町２,83.17m2（25.15坪）（壁芯）,3LDK
パークタワー晴海,1億8800万円,東京都中央区晴海２-2-42,70.84m2（21.42坪）（壁芯）,3LDK
HARUMI FLAG PARK VILLAGE T…,1億8800万円,東京都中央区晴海５-6,75.25m2（壁芯）,3LDK
ＴＨＥ　ＴＯＫＹＯ　ＴＯＷＥＲＳ　ＳＥＡ　ＴＯＷＥＲ,1億8800万円,東京都中央区勝どき６,84.06m2（25.42坪）（壁芯）,2LDK
晴海アイランドトリトンスクエアビュータワー,1億8898万円,東京都中央区晴海１,101.86m2（壁芯）,3LDK
HARUMI FLAG PARK VILLAGE A…,1億8980万円,東京都中央区晴海５,86.55m2（壁芯）,3LDK
勝どきザ・タワー,1億8980万円,東京都中央区勝どき５,81.2m2（壁芯）,3LDK
ＧＲＥＥＮ　ＰＡＲＫ　日本橋馬喰町,1億8980万円,東京都中央区日本橋馬喰町１,91.12m2（壁芯）,4LDK
勝どきザ・タワー,1億8980万円,東京都中央区勝どき５,81.2m2（24.56坪）（壁芯）,3LDK
スカイライトタワー,1億9400万円,東京都中央区佃１,92.82m2（28.07坪）（壁芯）,3LDK
Ｉ－ＭＡＲＫ　ＴＯＷＥＲ,1億9500万円,東京都中央区月島１,98.85m2（29.90坪）（壁芯）,2LDK
ＨＡＲＵＭＩ　ＦＬＡＧ　ＰＡＲＫ　ＶＩＬＬＡＧＥ　Ｆ…,1億9700万円,東京都中央区晴海５,86.72m2（壁芯）,3LDK
ＨＡＲＵＭＩ　ＦＬＡＧ　ＰＡＲＫ　ＶＩＬＬＡＧＥ　Ｆ…,1億9700万円,東京都中央区晴海５,86.72m2（26.23坪）（壁芯）,3LDK
ザ・パークハウス晴海タワーズ クロノレジデンス260…,1億9800万円,東京都中央区晴海２,72.95m2（22.06坪）（壁芯）,3LDK+S（納戸）
ザ・パークハウス晴海タワーズクロノレジデンス,1億9800万円,東京都中央区晴海２,72.95m2（22.06坪）（壁芯）,3LDK+S（納戸）
ザ・パークハウス晴海タワーズ　クロノレジデンス,1億9800万円,東京都中央区晴海２,72.95m2（22.06坪）（壁芯）,2LDK+S（納戸）
THE　TOKYO　TOWERS　MID TOWER,1億9800万円,東京都中央区勝どき６-3-2,90.38m2（壁芯）,3LDK
ザ・パークハウス晴海タワーズ　クロノレジデンス,1億9800万円,東京都中央区晴海２,72.95m2（22.06坪）（壁芯）,3LDK+S（納戸）
THE TOKYO TOWERS SEA TOWER,1億9800万円,東京都中央区勝どき６-3-1,90.27m2（壁芯）,3LDK
ザ・パークハウス晴海タワーズクロノレジデンス,1億9800万円,東京都中央区晴海２-3-30,72.95m2（22.06坪）（壁芯）,3LDK
ザ・パークハウス晴海タワーズ　クロノレジデンス,1億9800万円,東京都中央区晴海２-3‐30,72.95m2（壁芯）,3LDK+S（納戸）
ザ・パークハウス晴海タワーズ　クロノレジデンス,1億9800万円,東京都中央区晴海２,72.95m2（壁芯）,3LDK+S（納戸）
プラウド銀座一丁目,1億9800万円,東京都中央区銀座１-28-17,53.63m2（16.22坪）（壁芯）,2LDK
ザ・パークハウス晴海タワーズクロノレジデンス,1億9800万円,東京都中央区晴海２-3-30,72.95m2（壁芯）,3LDK+S（納戸）
プラウド銀座一丁目,1億9800万円,東京都中央区銀座１-28-17,53.63m2（16.22坪）（壁芯）,2LDK
THE TOKYO TOWERS MID TOWER,1億9800万円,東京都中央区勝どき６-3-2,90.38m2（27.33坪）（壁芯）,3LDK
ザ・パークハウス晴海タワーズ　クロノレジデンス,1億9800万円,東京都中央区晴海２,72.95m2（22.06坪）（壁芯）,3LDK+S（納戸）
ザ・パークハウス晴海タワーズ　クロノレジデンス,1億9800万円,東京都中央区晴海２,72.95m2（22.06坪）（壁芯）,3LDK+S（納戸）
ザパークハウス晴海タワーズクロノレジデンス,1億9800万円,東京都中央区晴海２-3-30,72.95m2（22.06坪）（壁芯）,4LDK
ザ・パークハウス晴海タワーズクロノレジデンス,1億9800万円,東京都中央区晴海２,72.95m2（22.06坪）（壁芯）,3LDK+S（納戸）
ザ・パークハウス晴海タワーズ　クロノレジデンス,1億9800万円,東京都中央区晴海２,72.95m2（壁芯）,3LDK+S（納戸）
ザ・パークハウス晴海タワーズ　クロノレジデンス,1億9800万円,東京都中央区晴海２,72.95m2,3LDK+S（納戸）
KACHIDOKI THE TOWER 勝どきザ・タ…,1億9800万円,東京都中央区勝どき５-3-1,79.84m2（壁芯）,3LDK
ザ・パークハウス晴海タワーズクロノレジデンス,1億9800万円,東京都中央区晴海２,72.95m2（22.06坪）（壁芯）,3LDK+S（納戸）
パークタワー晴海,1億9800万円,東京都中央区晴海２,82.05m2（壁芯）,3LDK
ＴＨＥ　ＴＯＫＹＯ　ＴＯＷＥＲＳ　ＳＥＡ　ＴＯＷＥＲ,1億9800万円,東京都中央区勝どき６,90.27m2（27.30坪）（壁芯）,3LDK
ザ・パークハウス晴海タワーズ　クロノレジデンス,1億9800万円,東京都中央区晴海２,72.95m2（22.06坪）（壁芯）,3LDK+S（納戸）
ザ・パークハウス晴海タワーズ　クロノレジデンス,1億9800万円,東京都中央区晴海２-３-３０,72.95m2（壁芯）,3LDK+S（納戸）
パークタワー勝どきサウス,1億9800万円,東京都中央区勝どき４,65.47m2（壁芯）,2LDK
ザ・パークハウス晴海タワーズ　クロノレジデンス,1億9800万円,東京都中央区晴海２,72.95m2（壁芯）,3LDK+S（納戸）
ザ・パークハウス晴海タワーズクロノレジデンス,1億9800万円,東京都中央区晴海２,72.95m2（22.06坪）（壁芯）,3LDK
勝どきザ・タワー,1億9900万円,東京都中央区勝どき５,70.01m2（壁芯）,2LDK
勝どきザ・タワー,1億9900万円,東京都中央区勝どき５,70.01m2（21.17坪）（壁芯）,2LDK
勝どきザ・タワー,1億9900万円,東京都中央区勝どき５,72.38m2（21.89坪）（壁芯）,3LDK
パークタワー晴海,1億9980万円,東京都中央区晴海２,78.67m2（壁芯）,3LDK
ＨＡＲＵＭＩ　ＦＬＡＧ　ＳＵＮ　ＶＩＬＬＡＧＥ　Ａ棟,1億9980万円,東京都中央区晴海５,86.58m2（26.19坪）（壁芯）,3LDK
HARUMI FLAG SUNVILLAGE T棟,2億円,東京都中央区晴海５-5,79.53m2（壁芯）,3LDK
パークタワー勝どきミッド,2億800万円,東京都中央区勝どき４,64m2（19.35坪）（壁芯）,2LDK
パークタワー晴海,2億880万円,東京都中央区晴海２,81.64m2（24.69坪）（壁芯）,3LDK
パークタワー晴海,2億880万円,東京都中央区晴海２,81.64m2（壁芯）,3LDK
パークタワー晴海,2億880万円,東京都中央区晴海２,81.64m2（24.69坪）（壁芯）,3LDK
勝どきザ・タワー,2億980万円,東京都中央区勝どき５,77.55m2（23.45坪）（壁芯）,3LDK
パークタワー勝どきサウス,2億1000万円,東京都中央区勝どき４,72.46m2（21.91坪）（壁芯）,2LDK
ドゥ・トゥール　ウエスト,2億1000万円,東京都中央区晴海３,70.98m2（21.47坪）（壁芯）,2LDK
ブリリアザタワー東京八重洲アベニュー,2億1000万円,東京都中央区新川２,72.86m2（壁芯）,2LDK
ブリリアザ・タワー東京八重洲アベニュー（Brilli…,2億1200万円,東京都中央区新川２,69.12m2（20.90坪）（壁芯）,2LDK+S（納戸）
ブリリアザタワー東京八重洲アベニュー,2億1200万円,東京都中央区新川２,69.12m2（20.90坪）（壁芯）,2LDK
HARUMI FLAG SUNVILLAGE　T棟,2億1500万円,東京都中央区晴海５,86.15m2（壁芯）,3LDK
ＴＨＥ　ＴＯＫＹＯ　ＴＯＷＥＲＳ　ＳＥＡＴＯＷＥＲ,2億1500万円,東京都中央区勝どき６,86.86m2（26.27坪）（壁芯）,2LDK+S（納戸）
パークタワー晴海,2億1600万円,東京都中央区晴海２,77.61m2（壁芯）,2LDK
パークタワー勝どきサウス,2億1700万円,東京都中央区勝どき４-6-1,72.38m2（21.89坪）（壁芯）,2LDK
パークタワー勝どき ミッド,2億1700万円,東京都中央区勝どき４,64m2（壁芯）,2LDK
パークタワー勝どき ミッド,2億1700万円,東京都中央区勝どき４-6-2,64m2（壁芯）,2LDK
パークタワー勝どきサウス,2億1700万円,東京都中央区勝どき４,72.38m2（21.89坪）（壁芯）,2LDK
パークタワー勝どきミッド,2億1700万円,東京都中央区勝どき４,64m2（壁芯）,2LDK
ザ・パークハウス晴海タワーズ　クロノレジデンス,2億1800万円,東京都中央区晴海２,86.93m2（壁芯）,2LDK+S（納戸）
ＨＡＲＵＭＩ　ＦＬＡＧ　ＳＵＮ　ＶＩＬＬＡＧＥ　Ｃ棟,2億1800万円,東京都中央区晴海５,92.78m2（28.06坪）（壁芯）,3LDK
THE TOKYO TOWERS MID TOWER,2億1800万円,東京都中央区勝どき６,91.58m2（27.70坪）（壁芯）,3LDK+S（納戸）
パークタワー勝どきサウス,2億1800万円,東京都中央区勝どき４,72.46m2（21.91坪）（壁芯）,2LDK
【高層階】パークタワー勝どきサウス,2億1900万円,東京都中央区勝どき４,72.46m2（壁芯）,2LDK
THE TOKYO TOWERS SEA TOWER,2億1980万円,東京都中央区勝どき６,101.5m2（30.70坪）（壁芯）,3LDK+S（納戸）
ＨＡＲＵＭＩ　ＦＬＡＧ　SEA　ＶＩＬＬＡＧＥ B棟…,2億2000万円,東京都中央区晴海５,113.01m2（壁芯）,4LDK
パークタワー勝どきサウス,2億2800万円,東京都中央区勝どき４,74.45m2（22.52坪）（壁芯）,3LDK
パークタワー勝どきサウス,2億2800万円,東京都中央区勝どき４-6-1,72.38m2（壁芯）,3LDK+S（納戸）
パークタワー勝どきサウス　54階,2億2800万円,東京都中央区勝どき４-６－１,72.38m2（21.89坪）（壁芯）,3LDK
パークタワー勝どきサウス,2億2800万円,東京都中央区勝どき４,73.1m2（壁芯）,2LDK
パークタワー勝どきサウス,2億2800万円,東京都中央区勝どき４,72.38m2（21.89坪）（壁芯）,3LDK
スカイライトタワー,2億2800万円,東京都中央区佃１,107.75m2（32.59坪）（壁芯）,3LDK
パークタワー勝どきサウス,2億2800万円,東京都中央区勝どき４,74.45m2（壁芯）,3LDK
パークタワー晴海,2億2800万円,東京都中央区晴海２,81.64m2（壁芯）,2LDK
パークタワー勝どきサウス,2億2980万円,東京都中央区勝どき４,75.31m2（壁芯）,3LDK
パークタワー勝どきサウス,2億2980万円,東京都中央区勝どき４-6-1,75.31m2（22.78坪）（壁芯）,3LDK
パークタワー勝どきサウス,2億2999万円,東京都中央区勝どき４,77.61m2（23.47坪）（壁芯）,3LDK
ヴェルクレール勝どき,2億3000万円,東京都中央区勝どき２-15-3,99.76m2（壁芯）,3LDK+S（納戸）
パークタワー勝どきミッド,2億3000万円,東京都中央区勝どき４,68.87m2（20.83坪）（壁芯）,3LDK
パークタワー勝どきサウス,2億3300万円,東京都中央区勝どき４,72.38m2（21.89坪）,3LDK
パークタワー勝どきサウス,2億3400万円,東京都中央区勝どき４,77.58m2（23.46坪）（壁芯）,3LDK
パークタワー勝どき　サウス,2億3500万円,東京都中央区勝どき４,78.38m2（23.70坪）（壁芯）,2LDK
パークタワー勝どきミッド,2億3500万円,東京都中央区勝どき４,71.13m2（21.51坪）（壁芯）,3LDK
パークタワー勝どきサウス,2億3500万円,東京都中央区勝どき４,78.38m2（壁芯）,2LDK+S（納戸）
ドゥ・トゥール　ＥＡＳＴ,2億3500万円,東京都中央区晴海３,87.3m2（26.40坪）（壁芯）,3LDK
HARUMI　FLAG　SUN　VILLAGE　晴海…,2億3980万円,東京都中央区晴海５,106.57m2,4LDK
パークタワー晴海,2億4000万円,東京都中央区晴海２,78.59m2（23.77坪）（壁芯）,3LDK
キャピタルゲートプレイスザ・タワー,2億4000万円,東京都中央区月島１,83.43m2（25.23坪）（壁芯）,3LDK
パークタワー勝どきミッド,2億4500万円,東京都中央区勝どき４,69.66m2（21.07坪）（壁芯）,2LDK
パークタワー勝どきサウス,2億4800万円,東京都中央区勝どき４,74.43m2（壁芯）,2LDK
パークタワー勝どきサウス,2億4800万円,東京都中央区勝どき４,72.38m2,2LDK
パークタワー勝どきサウス,2億4800万円,東京都中央区勝どき４-6-1,75.31m2（22.78坪）（壁芯）,3LDK
パークタワー勝どきミッド,2億4800万円,東京都中央区勝どき４,75.98m2（22.98坪）（壁芯）,3LDK
パークタワー勝どきサウス,2億4800万円,東京都中央区勝どき４-6-1,75.31m2（22.78坪）（壁芯）,3LDK
パークタワー勝どきサウス,2億4800万円,東京都中央区勝どき４,72.38m2（21.89坪）（壁芯）,2LDK
パークタワー勝どきサウス,2億4800万円,東京都中央区勝どき４,74.43m2（壁芯）,2LDK
パークタワー勝どきサウス,2億4800万円,東京都中央区勝どき４,72.38m2（壁芯）,2LDK
パークタワー勝どきサウス,2億4800万円,東京都中央区勝どき４,72.38m2（21.89坪）（壁芯）,2LDK
パークタワー勝どきサウス,2億4800万円,東京都中央区勝どき４,72.38m2（21.89坪）（壁芯）,2LDK
キャピタルゲートプレイス,2億4800万円,東京都中央区月島１,72.29m2（壁芯）,3LDK
パークシティ中央湊ザタワー,2億4980万円,東京都中央区湊２,75.03m2（22.69坪）（壁芯）,3LDK
ファミール月島グランスイートタワー,2億4980万円,東京都中央区佃２,107.64m2（32.56坪）,3LDK
ＴＨＥ　ＴＯＫＹＯ　ＴＯＷＥＲＳ　ＭＩＤ　ＴＯＷＥＲ,2億5000万円,東京都中央区勝どき６-３‐２,91.58m2（壁芯）,3LDK
ＴＨＥ　ＴＯＫＹＯ　ＴＯＷＥＲＳ　ＭＩＤ　ＴＯＷＥＲ,2億5000万円,東京都中央区勝どき６-3-2,91.58m2（27.70坪）（壁芯）,2LDK+S（納戸）
プレミスト佃二丁目,2億5000万円,東京都中央区佃２,91.24m2（27.59坪）（壁芯）,3LDK
THE TOKYO TOWERS MID TOWER,2億5000万円,東京都中央区勝どき６,91.58m2（27.70坪）（壁芯）,2LDK+S（納戸）
THE TOKYO TOWERS MID,2億5000万円,東京都中央区勝どき６,91.58m2,2LDK+S（納戸）
ＴＨＥ　ＴＯＫＹＯ　ＴＯＷＥＲＳ　ＳＥＡ　ＴＯＷＥＲ,2億5000万円,東京都中央区勝どき６,91.27m2（27.60坪）（壁芯）,2LDK
ＴＨＥ　ＴＯＫＹＯ　ＴＯＷＥＲＳ　ＭＩＤ　ＴＯＷＥＲ,2億5000万円,東京都中央区勝どき６,91.58m2（壁芯）,2LDK+S（納戸）
ザ・東京タワーズミッドタワー,2億5000万円,東京都中央区勝どき６,91.58m2（壁芯）,2LDK+S（納戸）
THE TOKYO TOWERS MID TOWER,2億5000万円,東京都中央区勝どき６,91.58m2（27.70坪）（壁芯）,2LDK+S（納戸）
THE TOKYO TOWERS MID TOWER,2億5000万円,東京都中央区勝どき６,91.58m2（27.70坪）（壁芯）,2LDK+S（納戸）
パークタワー勝どきサウス,2億5800万円,東京都中央区勝どき４-６-1,74.45m2（22.52坪）（壁芯）,3LDK
パークタワー勝どきサウス,2億5800万円,東京都中央区勝どき４,74.45m2（22.52坪）（壁芯）,3LDK
パークタワー勝どきサウス,2億5800万円,東京都中央区勝どき４,74.45m2（壁芯）,3LDK
パークタワー勝どきサウス,2億5800万円,東京都中央区勝どき４-6-1,74.45m2（22.52坪）,2LDK
パークタワー勝どきサウス,2億5800万円,東京都中央区勝どき４,74.45m2（22.52坪）（壁芯）,3LDK
パークタワー勝どきサウス,2億5800万円,東京都中央区勝どき４,74.45m2（壁芯）,3LDK
パークタワー晴海,2億5800万円,東京都中央区晴海２,88.49m2（26.76坪）（壁芯）,3LDK
パークタワー勝どきサウス,2億5800万円,東京都中央区勝どき４,74.45m2（22.52坪）（壁芯）,3LDK
パークタワー勝どきサウス,2億6000万円,東京都中央区勝どき４,77.58m2（23.46坪）（壁芯）,2LDK
ＭＩＤ　ＴＯＷＥＲ　ＧＲＡＮＤ,2億6000万円,東京都中央区月島１,72.97m2（壁芯）,3LDK
パークタワー勝どきサウス,2億6480万円,東京都中央区勝どき４-6,77.58m2（壁芯）,3LDK
シティタワー銀座東,2億6580万円,東京都中央区湊２,82.32m2（24.90坪）（壁芯）,3LDK
ＨＡＲＵＭＩ　ＦＬＡＧ　ＳＥＡ　ＶＩＬＬＡＧＥ　Ｃ棟,2億6800万円,東京都中央区晴海５,107.19m2（32.42坪）（壁芯）,4LDK
パークタワー勝どきミッド,2億6800万円,東京都中央区勝どき４-６－２,76.88m2（23.25坪）（壁芯）,2LDK
パークタワー晴海,2億6800万円,東京都中央区晴海２,82.85m2（壁芯）,3LDK
パークタワー勝どきミッド,2億6800万円,東京都中央区勝どき４,76.88m2（23.25坪）（壁芯）,2LDK
パークタワー勝どきミッド,2億6800万円,東京都中央区勝どき４,76.88m2（壁芯）,2LDK
Sタワー・内田洋行新川第２オフィス,2億7480万円,東京都中央区新川２,100.72m2（30.46坪）（登記）,3LDK
パークタワー晴海,2億7800万円,東京都中央区晴海２,78.59m2（23.77坪）（壁芯）,3LDK
パークタワー勝どきミッド,2億8500万円,東京都中央区勝どき４,81.42m2（24.62坪）（壁芯）,3LDK
ザ・パークハウス晴海タワーズ クロノレジデンス,2億8800万円,東京都中央区晴海２,102.83m2（壁芯）,3LDK
パークタワー勝どきサウス,2億8800万円,東京都中央区勝どき４,76.9m2（23.26坪）（壁芯）,2LDK+S（納戸）
パークタワー勝どきサウス,2億9800万円,東京都中央区勝どき４-６-1,87.05m2（26.33坪）（壁芯）,3LDK
パークタワー晴海,2億9800万円,東京都中央区晴海２,86.33m2,3LDK
パークタワー勝どきサウス,2億9800万円,東京都中央区勝どき４-6-1,87.05m2（26.33坪）（壁芯）,3LDK
パークタワー勝どきサウス,2億9800万円,東京都中央区勝どき４,87.05m2（壁芯）,3LDK
パークタワー勝どきサウス,2億9800万円,東京都中央区勝どき４,83.22m2（登記）,3LDK
DEUX TOURS CANAL & SPA WES…,2億9800万円,東京都中央区晴海３,100.9m2（登記）,3LDK
パークタワー勝どきサウス,2億9800万円,東京都中央区勝どき４,87.05m2,3LDK
パークタワー勝どきサウス,2億9800万円,東京都中央区勝どき４,87.05m2（26.33坪）（壁芯）,3LDK
キャピタルゲートプレイスザ・タワー,2億9800万円,東京都中央区月島１,80.96m2（壁芯）,2LDK
パークタワー勝どきサウス,2億9800万円,東京都中央区勝どき４,87.05m2（26.33坪）（壁芯）,3LDK
THE TOKYO TOWERS SEA TOWER,2億9900万円,東京都中央区勝どき６,125.32m2（37.90坪）（壁芯）,2LDK+S（納戸）
パークタワー勝どきサウス,3億円,東京都中央区勝どき４,93.79m2（28.37坪）（壁芯）,4LDK
パークタワー勝どきサウス,3億円,東京都中央区勝どき４,93.79m2（壁芯）,4LDK
パークタワー勝どきサウス,3億円,東京都中央区勝どき４,93.79m2（壁芯）,4LDK
パークタワー勝どきサウス,3億円,東京都中央区勝どき４-6-1,72.38m2（壁芯）,2LDK+S（納戸）
パークタワー勝どきサウス,3億1800万円,東京都中央区勝どき４,90.6m2（27.40坪）（壁芯）,2LDK
パークタワー勝どきサウス,3億1800万円,東京都中央区勝どき４,90.6m2（壁芯）,2LDK
パークタワー勝どきサウス,3億1800万円,東京都中央区勝どき４-6,90.6m2（壁芯）,2LDK+S（納戸）
パークシティ中央湊ザ・タワー,3億2800万円,東京都中央区湊２,77.03m2（壁芯）,3LDK
パークタワー勝どきサウス,3億2800万円,東京都中央区勝どき４,93.79m2（28.37坪）（壁芯）,4LDK
THE TOKYO TOWERS SEATOWER〔…,3億2900万円,東京都中央区勝どき６,125.32m2（壁芯）,3LDK
THE TOKYO TOWERS MID TOWER,3億3900万円,東京都中央区勝どき６-3-2,120.17m2（壁芯）,2LDK
MID TOWER GRAND,3億4000万円,東京都中央区月島１-22-1,80.32m2（24.29坪）（壁芯）,2LDK
ＭＩＤ　ＴＯＷＥＲ　ＧＲＡＮＤ,3億4000万円,東京都中央区月島１,80.32m2（壁芯）,2LDK
MID TOWER GRAND,3億4000万円,東京都中央区月島１,80.32m2,3LDK
パークタワー勝どきミッド,3億5000万円,東京都中央区勝どき４-6-2,102.53m2（31.01坪）（壁芯）,3LDK
パークタワー勝どきミッド,3億6500万円,東京都中央区勝どき４,101.16m2（壁芯）,3LDK
パークタワー勝どきミッド,3億6800万円,東京都中央区勝どき４,94.52m2（壁芯）,3LDK
パークタワー勝どきミッド,3億8000万円,東京都中央区勝どき４,102.21m2（30.91坪）（壁芯）,2LDK
パークタワー勝どきサウス,3億8000万円,東京都中央区勝どき４,106.76m2（壁芯）,3LDK
パークタワー勝どきサウス,3億9800万円,東京都中央区勝どき４,93.01m2（壁芯）,2LDK
ザ・パークハウス晴海タワーズ　ティアロレジデンス,3億9800万円,東京都中央区晴海２,105.64m2（壁芯）,2LDK+S（納戸）
パークタワー勝どきミッド,3億9800万円,東京都中央区勝どき４,94.52m2,3LDK
パークタワー勝どきミッド,4億800万円,東京都中央区勝どき４,102.21m2（壁芯）,3LDK
ＣＡＰＩＴＡＬ　ＧＡＴＥ　ＰＬＡＣＥ　ＴＨＥ　ＴＯＷ…,4億3980万円,東京都中央区月島１,85.21m2（25.77坪）（壁芯）,2LDK
CAPITAL GATE PLACE THE TOW…,4億3980万円,東京都中央区月島１-５－１,85.21m2（25.77坪）（壁芯）,2LDK
ドゥ・トゥールウエスト,6億3000万円,東京都中央区晴海３,220.66m2（壁芯）,5LDK
ニューハウス浜町,2980万円,東京都中央区日本橋浜町３,44.42m2（壁芯）,2LDK
ライオンズマンション日本橋第二,4990万円,東京都中央区日本橋蛎殻町１,42.51m2（壁芯）,1LDK
